AGE_GROUP,TOTALPOSITIVE,DATE,CASE_PERCENT,DEATHS,DEATHS_PERCENT,CA_PERCENT
0-17,120,4/2/2020,,,,
18-49,5302,4/2/2020,,,,
50-64,2879,4/2/2020,,,,
0-17,137,4/3/2020,,,,
18-49,5917,4/3/2020,,,,
50-64,3253,4/3/2020,,,,
0-17,160,4/4/2020,,,,
18-49,6610,4/4/2020,,,,
50-64,3653,4/4/2020,,,,
0-17,173,4/5/2020,,,,
18-49,7099,4/5/2020,,,,
50-64,3884,4/5/2020,,,,
0-17,197,4/6/2020,,,,
18-49,7753,4/6/2020,,,,
50-64,4344,4/6/2020,,,,
0-17,222,4/7/2020,,,,
18-49,8289,4/7/2020,,,,
50-64,4639,4/7/2020,,,,
0-17,252,4/8/2020,,,,
18-49,8939,4/8/2020,,,,
50-64,5003,4/8/2020,,,,
0-17,269,4/9/2020,,,,
18-49,9469,4/9/2020,,,,
50-64,5347,4/9/2020,,,,
0-17,303,4/10/2020,,,,
18-49,10069,4/10/2020,,,,
50-64,5633,4/10/2020,,,,
0-17,330,4/11/2020,,,,
18-49,10599,4/11/2020,,,,
50-64,5941,4/11/2020,,,,
0-17,337,4/12/2020,,,,
18-49,10838,4/12/2020,,,,
50-64,6079,4/12/2020,,,,
0-17,362,4/13/2020,,,,
18-49,11246,4/13/2020,,,,
50-64,6348,4/13/2020,,,,
0-17,385,4/14/2020,,,,
18-49,11721,4/14/2020,,,,
50-64,6644,4/14/2020,,,,
0-17,432,4/15/2020,,,,
18-49,12479,4/15/2020,,,,
50-64,7141,4/15/2020,,,,
0-17,472,4/16/2020,,,,
18-49,13144,4/16/2020,,,,
50-64,7488,4/16/2020,,,,
0-17,507,4/17/2020,,,,
18-49,13798,4/17/2020,,,,
50-64,7862,4/17/2020,,,,
0-17,550,4/18/2020,,,,
18-49,14408,4/18/2020,,,,
50-64,8232,4/18/2020,,,,
0-17,573,4/19/2020,,,,
18-49,14690,4/19/2020,,,,
50-64,8385,4/19/2020,,,,
0-17,683,4/20/2020,,,,
18-49,15901,4/20/2020,,,,
50-64,8961,4/20/2020,,,,
0-17,768,4/21/2020,,,,
18-49,17009,4/21/2020,,,,
50-64,9517,4/21/2020,,,,
0-17,855,4/22/2020,2.29,0,0,22.49
18-49,18004,4/22/2020,48.18,99,7.09,43.52
50-64,10025,4/22/2020,26.83,223,15.97,18.42
0-17,936,4/23/2020,2.38,0,0,22.49
18-49,18954,4/23/2020,48.29,107,7.19,43.52
50-64,10451,4/23/2020,26.62,234,15.71,18.42
0-17,1011,4/24/2020,2.46,0,0,22.49
18-49,19897,4/24/2020,48.37,112,7.12,43.52
50-64,10885,4/24/2020,26.46,246,15.64,18.42
0-17,1039,4/25/2020,2.46,0,0,22.49
18-49,20379,4/25/2020,48.33,117,7.1,43.52
50-64,11139,4/25/2020,26.42,254,15.42,18.42
0-17,1085,4/26/2020,2.5,0,0,22.49
18-49,21028,4/26/2020,48.38,119,7.1,43.52
50-64,11442,4/26/2020,26.33,258,15.39,18.42
0-17,1190,4/27/2020,2.64,0,0,22.49
18-49,21888,4/27/2020,48.61,120,6.97,43.52
50-64,11781,4/27/2020,26.16,265,15.4,18.42
0-17,1263,4/28/2020,2.72,0,0,22.49
18-49,22596,4/28/2020,48.59,126,6.97,43.52
50-64,12153,4/28/2020,26.14,284,15.7,18.42
65,10413,4/28/2020,22.39,1399,77.34,15.57
0-17,1398,4/29/2020,2.86,0,0,22.49
18-49,23836,4/29/2020,48.73,131,6.93,43.52
50-64,12705,4/29/2020,25.97,292,15.45,18.42
65,10906,4/29/2020,22.29,1467,77.62,15.57
0-17,1449,4/30/2020,2.9,0,0,22.49
18-49,24613,4/30/2020,48.8,137,6.9,43.52
50-64,13044,4/30/2020,25.9,308,15.5,18.42
65,11256,4/30/2020,22.3,1543,77.6,15.57
0-17,1566,5/1/2020,3,0,0,22.49
18-49,25548,5/1/2020,48.95,139,6.67,43.52
50-64,13454,5/1/2020,25.78,322,15.46,18.42
65,11547,5/1/2020,22.12,1622,77.87,15.57
0-17,1640,5/2/2020,3.1,0,0,22.5
18-49,26256,5/2/2020,49,139,6.5,43.5
50-64,13773,5/2/2020,25.7,331,15.5,18.4
65,11860,5/2/2020,22.1,1668,78,15.6
0-17,1715,5/3/2020,3.12,0,0,22.5
18-49,26956,5/3/2020,49.07,139,6.38,43.5
50-64,14078,5/3/2020,25.63,335,15.38,18.4
65,12098,5/3/2020,22.02,1704,78.24,15.6
0-17,1773,5/4/2020,3.2,0,0,22.5
18-49,27556,5/4/2020,49,141,6.3,43.5
50-64,14366,5/4/2020,25.6,342,15.4,18.4
65,12425,5/4/2020,22.1,1738,78.3,15.6
0-17,1937,5/5/2020,3.3,0,0,22.5
18-49,28968,5/5/2020,49.3,145,6.2,43.5
50-64,14974,5/5/2020,25.5,353,15.2,18.4
65,12842,5/5/2020,21.8,1826,78.5,15.6
0-17,2055,5/6/2020,3.4,0,0,22.5
18-49,29902,5/6/2020,49.3,150,6.2,43.5
50-64,15375,5/6/2020,25.4,370,15.3,18.4
65,13194,5/6/2020,21.8,1891,78.4,15.6
0-17,2181,5/7/2020,3.5,0,0,22.5
18-49,30860,5/7/2020,49.4,153,6.1,43.5
50-64,15793,5/7/2020,25.3,386,15.5,18.4
65,13580,5/7/2020,21.7,1953,78.3,15.6
0-17,2260,5/8/2020,3.5,0,0,22.5
18-49,32004,5/8/2020,49.6,156,6.1,43.5
50-64,16250,5/8/2020,25.2,395,15.3,18.4
65,13948,5/8/2020,21.6,2024,78.6,15.6
0-17,2373,5/9/2020,3.6,0,0,22.5
18-49,33190,5/9/2020,49.8,162,6.1,43.5
50-64,16729,5/9/2020,25.1,405,15.2,18.4
65,14290,5/9/2020,21.4,2089,78.6,15.6
0-17,2444,5/10/2020,3.6,0,0,22.5
18-49,33805,5/10/2020,49.8,163,6.1,43.5
50-64,17002,5/10/2020,25,412,15.3,18.4
65,14597,5/10/2020,21.5,2115,78.6,15.6
0-17,2549,5/11/2020,3.7,0,0,22.5
18-49,34573,5/11/2020,49.8,167,6.1,43.5
50-64,17322,5/11/2020,25,418,15.2,18.4
65,14845,5/11/2020,21.4,2166,78.7,15.6
0-17,2672,5/12/2020,3.8,0,0,22.5
18-49,35567,5/12/2020,50,169,5.9,43.5
50-64,17701,5/12/2020,24.9,440,15.5,18.4
65,15098,5/12/2020,21.2,2236,78.6,15.6
0-17,2799,5/13/2020,3.8,0,0,22.5
18-49,36602,5/13/2020,50,176,6,43.5
50-64,18154,5/13/2020,24.8,445,15.2,18.4
65,15498,5/13/2020,21.2,2304,78.7,15.6
0-17,2951,5/14/2020,3.9,0,0,22.5
18-49,37637,5/14/2020,50.2,183,6,43.5
50-64,18510,5/14/2020,24.7,459,15.2,18.4
65,15725,5/14/2020,21,2386,78.8,15.6
0-17,3064,5/15/2020,4,0,0,22.5
18-49,38611,5/15/2020,50.3,185,5.9,43.5
50-64,18908,5/15/2020,24.6,468,15,18.4
65,16101,5/15/2020,21,2465,79,15.6
0-17,3225,5/16/2020,4.1,0,0,22.5
18-49,39651,5/16/2020,50.3,187,5.9,43.5
50-64,19365,5/16/2020,24.6,475,14.9,18.4
65,16489,5/16/2020,20.9,2516,79.1,15.6
0-17,3355,5/17/2020,4.2,0,0,22.5
18-49,40539,5/17/2020,50.4,189,5.9,43.5
0-17,11064,6/16/2020,7,0,0,22.5
18-49,85325,6/16/2020,54.3,312,6.2,43.5
50-64,34922,6/16/2020,22.2,812,16,18.4
65,25503,6/16/2020,16.2,3939,77.8,15.6
0-17,10451,6/14/2020,6.9,0,0,22.5
18-49,81943,6/14/2020,54.1,307,6.2,43.5
50-64,33871,6/14/2020,22.4,798,16,18.4
65,24981,6/14/2020,16.5,3874,77.8,15.6
0-17,9819,6/12/2020,6.7,0,0,22.5
18-49,78441,6/12/2020,53.9,296,6.1,43.5
50-64,32783,6/12/2020,22.5,778,15.9,18.4
65,24403,6/12/2020,16.8,3804,78,15.6
0-17,7947,6/6/2020,6.2,0,0,22.5
18-49,68412,6/6/2020,53.1,269,6,43.5
50-64,29556,6/6/2020,22.9,709,15.8,18.4
65,22704,6/6/2020,17.6,3523,78.3,15.6
0-17,7678,6/5/2020,6.1,0,0,22.5
18-49,66755,6/5/2020,53,261,5.9,43.5
50-64,29033,6/5/2020,23,696,15.7,18.4
65,22365,6/5/2020,17.7,3478,78.4,15.6
50-64,19703,5/17/2020,24.5,481,15,18.4
65,16727,5/17/2020,20.8,2546,79.2,15.6
0-17,3446,5/18/2020,4.2,0,0,22.5
18-49,41321,5/18/2020,50.5,190,5.8,43.5
50-64,20003,5/18/2020,24.5,483,14.9,18.4
65,16920,5/18/2020,20.7,2577,79.3,15.6
0-17,3657,5/19/2020,4.4,0,0,22.5
18-49,42591,5/19/2020,50.7,195,5.8,43.5
50-64,20468,5/19/2020,24.4,509,15.1,18.4
65,17232,5/19/2020,20.5,2670,79.1,15.6
0-17,3855,5/20/2020,4.5,0,0,22.5
18-49,43749,5/20/2020,50.8,198,5.7,43.5
50-64,20967,5/20/2020,24.3,522,15.1,18.4
65,17513,5/20/2020,20.3,2731,79.1,15.6
0-17,4049,5/21/2020,4.6,0,0,22.5
18-49,44952,5/21/2020,50.8,203,5.7,43.5
50-64,21461,5/21/2020,24.3,536,15.1,18.4
65,17864,5/21/2020,20.2,2805,79.1,15.6
0-17,4273,5/22/2020,4.7,0,0,22.5
18-49,46131,5/22/2020,50.9,203,5.7,43.5
50-64,21938,5/22/2020,24.2,544,15.2,18.4
65,18164,5/22/2020,20,2842,79.2,15.6
0-17,4462,5/23/2020,4.8,0,0,22.5
18-49,47331,5/23/2020,51.1,204,5.6,43.5
50-64,22361,5/23/2020,24.1,556,15.2,18.4
65,18424,5/23/2020,19.9,2885,79.1,15.6
0-17,4633,5/24/2020,4.9,0,0,22.5
18-49,48364,5/24/2020,51.1,206,5.6,43.5
50-64,22754,5/24/2020,24.1,560,15.3,18.4
65,18670,5/24/2020,19.7,2899,79.1,15.6
0-17,4872,5/25/2020,5,0,0,22.5
18-49,49643,5/25/2020,51.3,208,5.7,43.5
50-64,23185,5/25/2020,24,560,15.2,18.4
65,18898,5/25/2020,19.5,2911,79.1,15.6
0-17,5122,5/26/2020,5.2,0,0,22.5
18-49,50981,5/26/2020,51.5,210,5.7,43.5
50-64,23633,5/26/2020,23.9,564,15.2,18.4
65,19095,5/26/2020,19.3,2933,79.1,15.6
0-17,5371,5/27/2020,5.3,0,0,22.5
18-49,52555,5/27/2020,51.7,218,5.7,43.5
50-64,24154,5/27/2020,23.8,579,15.2,18.4
65,19462,5/27/2020,19.1,3019,79.1,15.6
0-17,5542,5/28/2020,5.3,0,0,22.5
18-49,53795,5/28/2020,51.8,222,5.7,43.5
50-64,24617,5/28/2020,23.7,599,15.3,18.4
65,19773,5/28/2020,19,3083,79,15.6
0-17,5861,5/29/2020,5.5,0,0,22.5
18-49,55552,5/29/2020,52,228,5.7,43.5
50-64,25223,5/29/2020,23.6,618,15.5,18.4
65,20073,5/29/2020,18.8,3139,78.8,15.6
0-17,6254,5/30/2020,5.7,0,0,22.5
18-49,57738,5/30/2020,52.2,230,5.7,43.5
50-64,25964,5/30/2020,23.5,627,15.5,18.4
65,20455,5/30/2020,18.5,3186,78.8,15.6
0-17,6488,5/31/2020,5.7,0,0,22.5
18-49,59144,5/31/2020,52.3,231,5.7,43.5
50-64,26405,5/31/2020,23.4,636,15.6,18.4
65,20792,5/31/2020,18.4,3213,78.8,15.6
0-17,6706,6/1/2020,5.8,0,0,22.5
18-49,60493,6/1/2020,52.5,235,5.7,43.5
50-64,26880,6/1/2020,23.3,642,15.6,18.4
65,21054,6/1/2020,18.3,3250,78.7,15.6
0-17,6925,6/2/2020,5.9,0,0,22.5
18-49,61896,6/2/2020,52.6,248,5.9,43.5
50-64,27334,6/2/2020,23.2,662,15.6,18.4
65,21354,6/2/2020,18.1,3321,78.5,15.6
0-17,7119,6/3/2020,5.9,0,0,22.5
18-49,63152,6/3/2020,52.7,250,5.8,43.5
50-64,27762,6/3/2020,23.2,671,15.6,18.4
65,21595,6/3/2020,18,3377,78.6,15.6
0-17,7408,6/4/2020,6,0,0,22.5
18-49,64914,6/4/2020,52.8,257,5.9,43.5
50-64,28396,6/4/2020,23.1,686,15.7,18.4
65,22002,6/4/2020,17.9,3425,78.4,15.6
0-17,8248,6/7/2020,6.3,0,0,22.5
18-49,69915,6/7/2020,53.2,271,6,43.5
50-64,30025,6/7/2020,22.9,715,15.8,18.4
65,22939,6/7/2020,17.5,3542,78.2,15.6
0-17,8509,6/8/2020,6.4,0,0,22.5
18-49,71233,6/8/2020,53.4,274,6,43.5
50-64,30400,6/8/2020,22.8,721,15.8,18.4
65,23154,6/8/2020,17.3,3564,78.2,15.6
0-17,8800,6/9/2020,6.5,0,0,22.5
18-49,72829,6/9/2020,53.5,280,6,43.5
50-64,30914,6/9/2020,22.7,741,15.9,18.4
65,23469,6/9/2020,17.2,3642,78.1,15.6
0-17,9136,6/10/2020,6.6,0,0,22.5
18-49,74622,6/10/2020,53.6,291,6.1,43.5
50-64,31530,6/10/2020,22.6,756,15.9,18.4
65,23806,6/10/2020,17.1,3721,78,15.6
0-17,9461,6/11/2020,6.7,0,0,22.5
18-49,76220,6/11/2020,53.7,295,6.1,43.5
50-64,32069,6/11/2020,22.6,771,16,18.4
65,24043,6/11/2020,16.9,3765,77.9,15.6
0-17,10184,6/13/2020,6.8,0,0,22.5
18-49,80348,6/13/2020,54,304,6.1,43.5
50-64,33357,6/13/2020,22.4,792,16,18.4
65,24762,6/13/2020,16.6,3864,77.9,15.6
0-17,10702,6/15/2020,7,0,0,22.5
18-49,83254,6/15/2020,54.2,308,6.2,43.5
50-64,34290,6/15/2020,22.3,801,16,18.4
65,25109,6/15/2020,16.4,3892,77.8,15.6
0-17,11582,6/17/2020,7.2,0,0,22.5
18-49,87796,6/17/2020,54.5,317,6.2,43.5
50-64,35609,6/17/2020,22.1,825,16,18.4
65,25911,6/17/2020,16.1,3999,77.8,15.6
0-17,12063,6/18/2020,7.3,0,0,22.5
18-49,90278,6/18/2020,54.6,320,6.1,43.5
50-64,36485,6/18/2020,22.1,841,16,18.4
65,26385,6/18/2020,16,4088,77.9,15.6
0-17,12441,6/19/2020,7.3,0,0,22.5
18-49,92703,6/19/2020,54.8,322,6.1,43.5
50-64,37213,6/19/2020,22,851,16,18.4
65,26741,6/19/2020,15.8,4144,77.9,15.6
0-17,12897,6/20/2020,7.4,0,0,22.5
18-49,95513,6/20/2020,54.9,326,6,43.5
50-64,38046,6/20/2020,21.9,868,16.1,18.4
65,27173,6/20/2020,15.6,4207,77.9,15.6
0-17,13346,6/21/2020,7.5,0,0,22.5
18-49,98269,6/21/2020,55.2,327,6,43.5
50-64,38795,6/21/2020,21.8,875,16.1,18.4
65,27456,6/21/2020,15.4,4222,77.8,15.6
0-17,13867,6/22/2020,7.6,0,0,22.5
18-49,101474,6/22/2020,55.4,328,6,43.5
50-64,39667,6/22/2020,21.7,880,16.2,18.4
65,27864,6/22/2020,15.2,4236,77.8,15.6
0-17,14524,6/23/2020,7.6,0,0,22.5
18-49,106053,6/23/2020,55.8,332,6,43.5
50-64,40923,6/23/2020,21.5,889,16.2,18.4
65,28528,6/23/2020,15,4277,77.8,15.6
0-17,14968,6/24/2020,7.7,0,0,22.5
18-49,109489,6/24/2020,56,336,6,43.5
50-64,41870,6/24/2020,21.4,909,16.2,18.4
65,29048,6/24/2020,14.9,4357,77.8,15.6
0-17,15449,6/25/2020,7.7,0,0,22.5
18-49,112547,6/25/2020,56.1,344,6,43.5
50-64,42721,6/25/2020,21.3,932,16.3,18.4
65,29544,6/25/2020,14.7,4440,77.7,15.6
0-17,16093,6/26/2020,7.8,0,0,22.5
18-49,116389,6/26/2020,56.4,347,6,43.5
50-64,43730,6/26/2020,21.2,944,16.3,18.4
65,30007,6/26/2020,14.5,4494,77.7,15.6
0-17,16546,6/27/2020,7.9,0,0,22.5
18-49,118923,6/27/2020,56.5,349,6,43.5
50-64,44383,6/27/2020,21.1,954,16.4,18.4
65,30333,6/27/2020,14.4,4506,77.5,15.6
0-17,17157,6/28/2020,7.9,0,0,22.5
18-49,122833,6/28/2020,56.7,350,6,43.5
50-64,45434,6/28/2020,21,964,16.5,18.4
65,30893,6/28/2020,14.3,4535,77.5,15.6
0-17,17739,6/29/2020,8,0,0,22.5
18-49,127082,6/29/2020,57,351,6,43.5
50-64,46486,6/29/2020,20.9,967,16.5,18.4
65,31379,6/29/2020,14.1,4558,77.6,15.6
0-17,18672,6/30/2020,8,0,0,22.5
18-49,133458,6/30/2020,57.4,355,5.9,43.5
50-64,48149,6/30/2020,20.7,985,16.5,18.4
65,32145,6/30/2020,13.8,4637,77.6,15.6
0-17,19328,7/1/2020,8,0,0,22.5
18-49,138340,7/1/2020,57.6,361,6,43.5
50-64,49466,7/1/2020,20.6,1002,16.5,18.4
65,32815,7/1/2020,13.7,4695,77.5,15.6
0-17,20088,7/2/2020,8.1,0,0,22.5
18-49,143601,7/2/2020,57.8,369,6,43.5
50-64,50845,7/2/2020,20.5,1023,16.5,18.4
65,33445,7/2/2020,13.5,4791,77.5,15.6
0-17,20610,7/3/2020,8.1,0,0,22.5
18-49,147853,7/3/2020,58,375,6,43.5
50-64,51955,7/3/2020,20.4,1036,16.6,18.4
65,34055,7/3/2020,13.4,4835,77.4,15.6
0-17,21219,7/4/2020,8.2,0,0,22.5
18-49,151294,7/4/2020,58.2,378,6,43.5
50-64,52869,7/4/2020,20.3,1038,16.6,18.4
65,34493,7/4/2020,13.3,4848,77.4,15.6
0-17,22332,7/5/2020,8.2,0,0,22.5
18-49,158767,7/5/2020,58.4,384,6.1,43.5
50-64,54836,7/5/2020,20.2,1044,16.6,18.4
65,35441,7/5/2020,13,4872,77.3,15.6
0-17,22861,7/6/2020,8.2,0,0,22.5
18-49,162714,7/6/2020,58.6,392,6.2,43.5
50-64,55931,7/6/2020,20.1,1053,16.6,18.4
65,35957,7/6/2020,12.9,4916,77.3,15.6
0-17,23960,7/7/2020,8.3,0,0,22.5
18-49,170255,7/7/2020,58.8,410,6.3,43.5
50-64,58017,7/7/2020,20,1069,16.5,18.4
65,36911,7/7/2020,12.8,4995,77.1,15.6
0-17,24556,7/8/2020,8.3,0,0,22.5
18-49,174719,7/8/2020,58.9,423,6.4,43.5
50-64,59300,7/8/2020,20,1101,16.6,18.4
65,37586,7/8/2020,12.7,5096,77,15.6
0-17,25160,7/9/2020,8.3,0,0,22.5
18-49,179727,7/9/2020,59.1,437,6.4,43.5
50-64,60708,7/9/2020,20,1148,16.9,18.4
65,38346,7/9/2020,12.6,5201,76.6,15.6
0-17,25889,7/10/2020,8.3,0,0,22.5
18-49,184939,7/10/2020,59.2,446,6.5,43.5
50-64,62124,7/10/2020,19.9,1170,17,18.4
65,39039,7/10/2020,12.5,5276,76.6,15.6
0-17,26652,7/11/2020,8.3,0,0,22.5
18-49,190310,7/11/2020,59.3,454,6.5,43.5
50-64,63696,7/11/2020,19.9,1187,17,18.4
65,39776,7/11/2020,12.4,5348,76.5,15.6
0-17,27415,7/12/2020,8.3,0,0,22.5
18-49,195752,7/12/2020,59.5,455,6.5,43.5
50-64,65134,7/12/2020,19.8,1192,17,18.4
65,40473,7/12/2020,12.3,5367,76.5,15.6
0-17,28108,7/13/2020,8.4,0,0,22.5
18-49,200437,7/13/2020,59.6,456,6.5,43.5
50-64,66427,7/13/2020,19.7,1193,16.9,18.4
65,41080,7/13/2020,12.2,5390,76.6,15.6
0-17,29156,7/14/2020,8.4,0,0,22.5
18-49,207574,7/14/2020,59.7,466,6.5,43.5
50-64,68493,7/14/2020,19.7,1220,17,18.4
65,42007,7/14/2020,12.1,5478,76.5,15.6
0-17,29945,7/15/2020,8.4,0,0,22.5
18-49,213083,7/15/2020,59.8,477,6.5,43.5
50-64,69998,7/15/2020,19.7,1238,17,18.4
65,42748,7/15/2020,12,5568,76.5,15.6
0-17,31018,7/16/2020,8.5,0,0,22.5
18-49,219485,7/16/2020,59.9,484,6.5,43.5
50-64,71688,7/16/2020,19.6,1271,17.2,18.4
65,43550,7/16/2020,11.9,5654,76.3,15.6
0-17,31953,7/17/2020,8.5,0,0,22.5
18-49,225279,7/17/2020,60,491,6.5,43.5
50-64,73362,7/17/2020,19.5,1294,17.2,18.4
65,44297,7/17/2020,11.8,5745,76.3,15.6
0-17,32913,7/18/2020,8.6,0,0,22.5
18-49,231171,7/18/2020,60.1,505,6.6,43.5
50-64,74999,7/18/2020,19.5,1306,17.1,18.4
65,45166,7/18/2020,11.7,5809,76.2,15.6
0-17,33630,7/19/2020,8.6,0,0,22.5
18-49,235513,7/19/2020,60.2,506,6.6,43.5
50-64,76179,7/19/2020,19.5,1311,17.1,18.4
65,45759,7/19/2020,11.7,5834,76.3,15.6
0-17,34617,7/20/2020,8.6,0,0,22.5
18-49,241406,7/20/2020,60.2,508,6.6,43.5
50-64,77787,7/20/2020,19.4,1317,17.2,18.4
65,46495,7/20/2020,11.6,5852,76.2,15.6
0-17,35962,7/21/2020,8.7,0,0,22.5
18-49,249412,7/21/2020,60.3,516,6.6,43.5
50-64,80056,7/21/2020,19.4,1337,17.2,18.4
65,47673,7/21/2020,11.5,5940,76.2,15.6
0-17,37335,7/22/2020,8.8,0,0,22.5
18-49,256853,7/22/2020,60.3,526,6.6,43.5
50-64,82217,7/22/2020,19.3,1371,17.2,18.4
65,48744,7/22/2020,11.5,6052,76.1,15.6
0-17,38301,7/23/2020,8.8,0,0,22.5
18-49,262780,7/23/2020,60.4,547,6.8,43.5
50-64,84114,7/23/2020,19.3,1402,17.3,18.4
65,49648,7/23/2020,11.4,6147,75.9,15.6
0-17,39396,7/24/2020,8.8,0,0,22.5
18-49,268931,7/24/2020,60.4,567,6.9,43.5
50-64,86034,7/24/2020,19.3,1430,17.4,18.4
65,50518,7/24/2020,11.3,6245,75.8,15.6
0-17,40407,7/25/2020,8.9,0,0,22.5
18-49,274037,7/25/2020,60.4,580,6.9,43.5
50-64,87494,7/25/2020,19.3,1463,17.5,18.4
65,51190,7/25/2020,11.3,6339,75.6,15.6
0-17,41148,7/26/2020,8.9,0,0,22.5
18-49,278295,7/26/2020,60.4,585,7,43.5
50-64,88800,7/26/2020,19.3,1467,17.4,18.4
65,51772,7/26/2020,11.2,6360,75.6,15.6
0-17,41836,7/27/2020,9,0,0,22.5
18-49,282008,7/27/2020,60.4,589,7,43.5
50-64,89869,7/27/2020,19.3,1469,17.4,18.4
65,52302,7/27/2020,11.2,6378,75.6,15.6
0-17,42697,7/28/2020,9,0,0,22.5
18-49,287413,7/28/2020,60.5,606,7.1,43.5
50-64,91465,7/28/2020,19.2,1497,17.6,18.4
65,53138,7/28/2020,11.2,6413,75.3,15.6
0-17,43880,7/29/2020,9,0,0,22.5
18-49,293721,7/29/2020,60.5,626,7.2,43.5
50-64,93273,7/29/2020,19.2,1534,17.5,18.4
65,54039,7/29/2020,11.1,6591,75.3,15.6
0-17,44793,7/30/2020,9.1,0,0,22.5
18-49,298735,7/30/2020,60.5,637,7.1,43.5
50-64,94730,7/30/2020,19.2,1569,17.6,18.4
65,54743,7/30/2020,11.1,6733,75.3,15.6
0-17,45520,7/31/2020,9.1,0,0,22.5
18-49,302739,7/31/2020,60.5,649,7.1,43.5
50-64,95892,7/31/2020,19.2,1594,17.5,18.4
65,55360,7/31/2020,11.1,6851,75.3,15.6
0-17,46556,8/1/2020,9.1,0,0,22.5
18-49,308114,8/1/2020,60.5,666,7.2,43.5
50-64,97551,8/1/2020,19.2,1626,17.6,18.4
65,56206,8/1/2020,11,6959,75.2,15.6
0-17,47286,8/2/2020,9.2,1,0,22.5
18-49,311547,8/2/2020,60.5,674,7.2,43.5
50-64,98574,8/2/2020,19.1,1646,17.6,18.4
65,56786,8/2/2020,11,7004,75.1,15.6
0-17,47920,8/3/2020,9.2,1,0,22.5
18-49,314238,8/3/2020,60.5,676,7.2,43.5
50-64,99383,8/3/2020,19.1,1652,17.7,18.4
65,57247,8/3/2020,11,7019,75.1,15.6
0-17,48524,8/4/2020,9.2,1,0,22.5
18-49,317287,8/4/2020,60.5,690,7.2,43.5
50-64,100408,8/4/2020,19.1,1693,17.8,18.4
65,57847,8/4/2020,11,7135,74.9,15.6
0-17,49158,8/5/2020,9.3,1,0,22.5
18-49,320274,8/5/2020,60.4,699,7.2,43.5
50-64,101404,8/5/2020,19.1,1731,17.9,18.4
65,58458,8/5/2020,11,7228,74.8,15.6
0-17,50193,8/6/2020,9.3,1,0,22.5
18-49,325283,8/6/2020,60.4,714,7.3,43.5
50-64,102941,8/6/2020,19.1,1758,17.9,18.4
65,59282,8/6/2020,11,7333,74.8,15.6
0-17,51132,8/7/2020,9.4,1,0,22.5
18-49,329682,8/7/2020,60.4,729,7.3,43.5
50-64,104297,8/7/2020,19.1,1791,17.9,18.4
65,59954,8/7/2020,11,7459,74.7,15.6
0-17,52104,8/8/2020,9.4,1,0,22.5
18-49,334619,8/8/2020,60.4,745,7.3,43.5
50-64,105860,8/8/2020,19.1,1838,18.1,18.4
65,60829,8/8/2020,11,7587,74.6,15.6
0-17,53136,8/9/2020,9.5,1,0,22.5
18-49,339235,8/9/2020,60.4,750,7.3,43.5
50-64,107300,8/9/2020,19.1,1856,18.1,18.4
65,61464,8/9/2020,10.9,7638,74.5,15.6
0-17,54778,8/10/2020,9.5,1,0,22.5
18-49,346637,8/10/2020,60.3,750,7.3,43.5
50-64,109714,8/10/2020,19.1,1863,18.1,18.4
65,62506,8/10/2020,10.9,7657,74.5,15.6
0-17,56276,8/11/2020,9.6,1,0,22.5
18-49,353518,8/11/2020,60.3,763,7.3,43.5
50-64,111811,8/11/2020,19.1,1910,18.2,18.4
65,63617,8/11/2020,10.9,7816,74.5,15.6
0-17,57230,8/12/2020,9.6,1,0,22.5
18-49,357676,8/12/2020,60.3,769,7.2,43.5
50-64,113099,8/12/2020,19.1,1941,18.2,18.4
65,64298,8/12/2020,10.8,7953,74.6,15.6
0-17,58146,8/13/2020,9.7,1,0,22.5
18-49,362344,8/13/2020,60.3,783,7.2,43.5
50-64,114633,8/13/2020,19.1,1974,18.2,18.4
65,65116,8/13/2020,10.8,8071,74.5,15.6
0-17,59682,8/14/2020,9.7,1,0,22.5
18-49,369772,8/14/2020,60.3,789,7.2,43.5
50-64,116986,8/14/2020,19.1,2010,18.3,18.4
65,66403,8/14/2020,10.8,8189,74.5,15.6
0-17,60630,8/15/2020,9.8,1,0,22.5
18-49,374400,8/15/2020,60.2,801,7.2,43.5
50-64,118498,8/15/2020,19.1,2039,18.4,18.4
65,67168,8/15/2020,10.8,8259,74.4,15.6
0-17,61538,8/16/2020,9.8,1,0,22.5
18-49,378186,8/16/2020,60.2,800,7.2,43.5
50-64,119629,8/16/2020,19,2041,18.4,18.4
65,67816,8/16/2020,10.8,8268,74.4,15.6
0-17,62233,8/17/2020,9.8,1,0,22.5
18-49,380923,8/17/2020,60.2,805,7.2,43.5
50-64,120440,8/17/2020,19,2047,18.4,18.4
65,68211,8/17/2020,10.8,8288,74.4,15.6
0-17,63118,8/18/2020,9.9,1,0,22.5
18-49,384524,8/18/2020,60.2,812,7.2,43.5
50-64,121521,8/18/2020,19,2084,18.4,18.4
65,68806,8/18/2020,10.8,8401,74.3,15.6
0-17,63909,8/19/2020,9.9,1,0,22.5
18-49,388034,8/19/2020,60.2,833,7.3,43.5
50-64,122554,8/19/2020,19,2112,18.4,18.4
65,69380,8/19/2020,10.8,8517,74.3,15.6
0-17,64573,8/20/2020,9.9,2,0,22.5
18-49,391321,8/20/2020,60.2,842,7.3,43.5
50-64,123591,8/20/2020,19,2142,18.5,18.4
65,69957,8/20/2020,10.8,8601,74.2,15.6
0-17,65360,8/21/2020,9.9,2,0,22.5
18-49,395106,8/21/2020,60.1,847,7.2,43.5
50-64,124841,8/21/2020,19,2169,18.5,18.4
65,70688,8/21/2020,10.8,8720,74.3,15.6
0-17,66204,8/22/2020,10,2,0,22.5
18-49,399060,8/22/2020,60.1,866,7.2,43.5
50-64,126041,8/22/2020,19,2204,18.5,18.4
65,71455,8/22/2020,10.8,8870,74.3,15.6
0-17,66828,8/23/2020,10,2,0,22.5
18-49,401960,8/23/2020,60.1,868,7.3,43.5
50-64,126998,8/23/2020,19,2209,18.5,18.4
65,71901,8/23/2020,10.8,8873,74.2,15.6
0-17,67462,8/24/2020,10,2,0,22.5
18-49,404499,8/24/2020,60.1,871,7.3,43.5
50-64,127847,8/24/2020,19,2213,18.4,18.4
65,72358,8/24/2020,10.8,8914,74.3,15.6
0-17,68163,8/25/2020,10,3,0,22.5
18-49,408100,8/25/2020,60.1,877,7.2,43.5
50-64,128929,8/25/2020,19,2247,18.5,18.4
65,72988,8/25/2020,10.7,9027,74.2,15.6
0-17,68731,8/26/2020,10.1,3,0,22.5
18-49,410668,8/26/2020,60.1,888,7.2,43.5
50-64,129732,8/26/2020,19,2266,18.4,18.4
65,73489,8/26/2020,10.8,9135,74.3,15.6
0-17,69369,8/27/2020,10.1,4,0,22.5
18-49,413764,8/27/2020,60.1,901,7.2,43.5
50-64,130701,8/27/2020,19,2301,18.5,18.4
65,74124,8/27/2020,10.8,9252,74.2,15.6
0-17,69964,8/28/2020,10.1,3,0,22.5
18-49,416615,8/28/2020,60,907,7.2,43.5
50-64,131694,8/28/2020,19,2317,18.4,18.4
65,74665,8/28/2020,10.8,9339,74.3,15.6
0-17,70677,8/29/2020,10.1,3,0,22.5
18-49,420231,8/29/2020,60,922,7.2,43.5
50-64,132806,8/29/2020,19,2348,18.4,18.4
65,75284,8/29/2020,10.8,9470,74.3,15.6
0-17,71224,8/30/2020,10.1,3,0,22.5
18-49,422691,8/30/2020,60,920,7.2,43.5
50-64,133533,8/30/2020,19,2351,18.4,18.4
65,75729,8/30/2020,10.8,9481,74.3,15.6
0-17,71776,8/31/2020,10.1,3,0,22.5
18-49,424850,8/31/2020,60,924,7.2,43.5
50-64,134175,8/31/2020,19,2359,18.4,18.4
65,76098,8/31/2020,10.8,9507,74.3,15.6
0-17,72271,9/1/2020,10.1,3,0,22.5
18-49,427519,9/1/2020,60,932,7.2,43.5
50-64,134862,9/1/2020,18.9,2402,18.5,18.4
65,76511,9/1/2020,10.7,9614,74.2,15.6
0-17,72822,9/2/2020,10.2,3,0,22.5
18-49,430475,9/2/2020,60,943,7.2,43.5
50-64,135797,9/2/2020,18.9,2438,18.6,18.4
65,77191,9/2/2020,10.8,9734,74.2,15.6
0-17,73330,9/3/2020,10.2,3,0,22.5
18-49,433487,9/3/2020,60,963,7.2,43.5
50-64,136757,9/3/2020,18.9,2466,18.6,18.4
65,77807,9/3/2020,10.8,9858,74.2,15.6
0-17,73915,9/4/2020,10.2,3,0,22.5
18-49,436511,9/4/2020,60,978,7.3,43.5
50-64,137641,9/4/2020,18.9,2513,18.7,18.4
65,78262,9/4/2020,10.8,9973,74,15.6
0-17,74490,9/5/2020,10.2,3,0,22.5
18-49,439510,9/5/2020,60,986,7.3,43.5
50-64,138496,9/5/2020,18.9,2536,18.7,18.4
65,78740,9/5/2020,10.8,10065,74.1,15.6
0-17,74886,9/6/2020,10.2,3,0,22.5
18-49,441336,9/6/2020,60,983,7.2,43.5
50-64,139067,9/6/2020,18.9,2543,18.7,18.4
65,79046,9/6/2020,10.8,10065,74,15.6
0-17,75198,9/7/2020,10.2,3,0,22.5
18-49,442946,9/7/2020,60,986,7.2,43.5
50-64,139563,9/7/2020,18.9,2550,18.7,18.4
65,79301,9/7/2020,10.7,10106,74.1,15.6
0-17,75382,9/8/2020,10.2,3,0,22.5
18-49,443906,9/8/2020,60,990,7.2,43.5
50-64,139866,9/8/2020,18.9,2578,18.8,18.4
65,79476,9/8/2020,10.7,10154,74,15.6
0-17,75769,9/9/2020,10.2,3,0,22.5
18-49,445900,9/9/2020,60,1000,7.2,43.5
50-64,140488,9/9/2020,18.9,2616,18.9,18.4
65,79803,9/9/2020,10.7,10226,73.8,15.6
0-17,76136,9/10/2020,10.2,3,0,22.5
18-49,447876,9/10/2020,60,1004,7.2,43.5
50-64,141078,9/10/2020,18.9,2643,18.9,18.4
65,80183,9/10/2020,10.7,10311,73.8,15.6
0-17,76593,9/11/2020,10.2,3,0,22.5
18-49,450341,9/11/2020,60,1010,7.2,43.5
50-64,141798,9/11/2020,18.9,2671,19,18.4
65,80630,9/11/2020,10.7,10396,73.8,15.6
0-17,77187,9/12/2020,10.2,3,0,22.5
18-49,453134,9/12/2020,60,1022,7.2,43.5
50-64,142627,9/12/2020,18.9,2695,19,18.4
65,81053,9/12/2020,10.7,10489,73.8,15.6
0-17,77560,9/13/2020,10.2,3,0,22.5
18-49,454811,9/13/2020,60,1023,7.2,43.5
50-64,143153,9/13/2020,18.9,2693,19,18.4
65,81333,9/13/2020,10.7,10491,73.8,15.6
0-17,77859,9/14/2020,10.2,3,0,22.5
18-49,456173,9/14/2020,60,1023,7.2,43.5
50-64,143563,9/14/2020,18.9,2716,19,18.4
65,81506,9/14/2020,10.7,10517,73.8,15.6
0-17,78192,9/15/2020,10.2,3,0,22.5
18-49,457919,9/15/2020,60,1030,7.1,43.5
50-64,144116,9/15/2020,18.9,2742,19,18.4
65,81822,9/15/2020,10.7,10635,73.8,15.6
0-17,78506,9/16/2020,10.2,3,0,22.5
18-49,459903,9/16/2020,60,1038,7.2,43.5
50-64,144721,9/16/2020,18.9,2758,19,18.4
65,82148,9/16/2020,10.7,10718,73.8,15.6
0-17,78946,9/17/2020,10.3,3,0,22.5
18-49,462003,9/17/2020,60,1051,7.2,43.5
50-64,145439,9/17/2020,18.9,2783,19,18.4
65,82521,9/17/2020,10.7,10790,73.8,15.6
0-17,79502,9/18/2020,10.3,3,0,22.5
18-49,464501,9/18/2020,60,1070,7.2,43.5
50-64,146262,9/18/2020,18.9,2823,19.1,18.4
65,82954,9/18/2020,10.7,10866,73.6,15.6
0-17,80069,9/19/2020,10.3,2,0,22.5
18-49,466993,9/19/2020,60,1084,7.3,43.5
50-64,147049,9/19/2020,18.9,2838,19.1,18.4
65,83379,9/19/2020,10.7,10924,73.6,15.6
0-17,80508,9/20/2020,10.3,2,0,22.5
18-49,468969,9/20/2020,60,1081,7.3,43.5
50-64,147624,9/20/2020,18.9,2843,19.1,18.4
65,83683,9/20/2020,10.7,10947,73.6,15.6
0-17,80868,9/21/2020,10.3,2,0,22.5
18-49,470432,9/21/2020,60,1084,7.3,43.5
50-64,148177,9/21/2020,18.9,2846,19.1,18.4
65,83936,9/21/2020,10.7,10968,73.6,15.6
0-17,81177,9/22/2020,10.3,2,0,22.5
18-49,472300,9/22/2020,60,1096,7.3,43.5
50-64,148760,9/22/2020,18.9,2870,19.1,18.4
65,84312,9/22/2020,10.7,11070,73.6,15.6
0-17,81545,9/23/2020,10.3,2,0,22.5
18-49,474158,9/23/2020,60,1101,7.3,43.5
50-64,149356,9/23/2020,18.9,2904,19.2,18.4
65,84659,9/23/2020,10.7,11147,73.6,15.6
0-17,81942,9/24/2020,10.3,2,0,22.5
18-49,476199,9/24/2020,60,1109,7.3,43.5
50-64,149978,9/24/2020,18.9,2931,19.2,18.4
65,85007,9/24/2020,10.7,11214,73.5,15.6
0-17,82484,9/25/2020,10.3,2,0,22.5
18-49,478701,9/25/2020,60,1115,7.3,43.5
50-64,150729,9/25/2020,18.9,2953,19.2,18.4
65,85434,9/25/2020,10.7,11291,73.5,15.6
0-17,83024,9/26/2020,10.3,2,0,22.5
18-49,481120,9/26/2020,60,1120,7.3,43.5
50-64,151507,9/26/2020,18.9,2963,19.2,18.4
65,85776,9/26/2020,10.7,11347,73.5,15.6
0-17,83407,9/27/2020,10.4,2,0,22.5
18-49,482861,9/27/2020,60,1125,7.3,43.5
50-64,152059,9/27/2020,18.9,2962,19.2,18.4
65,86053,9/27/2020,10.7,11362,73.5,15.6
0-17,83695,9/28/2020,10.4,2,0,22.5
18-49,484115,9/28/2020,60,1125,7.3,43.5
50-64,152456,9/28/2020,18.9,2963,19.2,18.4
65,86274,9/28/2020,10.7,11372,73.5,15.6
0-17,84064,9/29/2020,10.4,2,0,22.5
18-49,485990,9/29/2020,60,1136,7.3,43.5
50-64,153030,9/29/2020,18.9,2993,19.1,18.4
65,86652,9/29/2020,10.7,11526,73.6,15.6
0-17,84468,9/30/2020,10.4,2,0,22.5
18-49,487779,9/30/2020,59.9,1140,7.2,43.5
50-64,153584,9/30/2020,18.9,3019,19.2,18.4
65,86965,9/30/2020,10.7,11596,73.6,15.6
0-17,84871,10/1/2020,10.4,2,0,22.5
18-49,489846,10/1/2020,59.9,1157,7.3,43.5
50-64,154299,10/1/2020,18.9,3053,19.2,18.4
65,87371,10/1/2020,10.7,11706,73.5,15.6
0-17,85246,10/2/2020,10.4,2,0,22.5
18-49,491142,10/2/2020,59.9,1153,7.2,43.5
50-64,154619,10/2/2020,18.9,3064,19.2,18.4
65,87546,10/2/2020,10.7,11713,73.5,15.6
0-17,85748,10/3/2020,10.4,2,0,22.5
18-49,493676,10/3/2020,59.9,1160,7.3,43.5
50-64,155398,10/3/2020,18.9,3074,19.2,18.4
65,88023,10/3/2020,10.7,11763,73.5,15.6
0-17,86137,10/4/2020,10.4,2,0,22.5
18-49,495458,10/4/2020,59.9,1162,7.3,43.5
50-64,156007,10/4/2020,18.9,3078,19.2,18.4
65,88296,10/4/2020,10.7,11778,73.5,15.6
0-17,86370,10/5/2020,10.4,2,0,22.5
18-49,496431,10/5/2020,59.9,1166,7.3,43.5
50-64,156312,10/5/2020,18.9,3085,19.2,18.4
65,88464,10/5/2020,10.7,11793,73.5,15.6
0-17,86720,10/6/2020,10.4,2,0,22.5
18-49,498012,10/6/2020,59.9,1167,7.2,43.5
50-64,156845,10/6/2020,18.9,3099,19.2,18.4
65,88764,10/6/2020,10.7,11863,73.5,15.6
0-17,87201,10/7/2020,10.4,2,0,22.5
18-49,500052,10/7/2020,59.9,1174,7.2,43.5
50-64,157546,10/7/2020,18.9,3116,19.2,18.4
65,89114,10/7/2020,10.7,11933,73.5,15.6
0-17,87657,10/8/2020,10.5,2,0,22.5
18-49,502291,10/8/2020,59.9,1180,7.2,43.5
50-64,158233,10/8/2020,18.9,3124,19.2,18.4
65,89535,10/8/2020,10.7,11992,73.6,15.6
0-17,88203,10/9/2020,10.5,2,0,22.5
18-49,504734,10/9/2020,59.9,1183,7.2,43.5
50-64,159028,10/9/2020,18.9,3139,19.2,18.4
65,89927,10/9/2020,10.7,12056,73.6,15.6
0-17,88691,10/10/2020,10.5,2,0,22.5
18-49,507025,10/10/2020,59.9,1188,7.2,43.5
50-64,159737,10/10/2020,18.9,3153,19.2,18.4
65,90249,10/10/2020,10.7,12117,73.6,15.6
0-17,89138,10/11/2020,10.5,2,0,22.5
18-49,509044,10/11/2020,59.9,1189,7.2,43.5
50-64,160393,10/11/2020,18.9,3157,19.2,18.4
65,90571,10/11/2020,10.7,12122,73.6,15.6
0-17,89498,10/12/2020,10.5,2,0,22.5
18-49,510413,10/12/2020,59.9,1189,7.2,43.5
50-64,160823,10/12/2020,18.9,3159,19.2,18.4
65,90787,10/12/2020,10.7,12130,73.6,15.6
0-17,89843,10/13/2020,10.5,2,0,22.5
18-49,511954,10/13/2020,59.9,1189,7.2,43.5
50-64,161329,10/13/2020,18.9,3166,19.2,18.4
65,91051,10/13/2020,10.6,12165,73.6,15.6
0-17,90259,10/14/2020,10.5,2,0,22.5
18-49,513932,10/14/2020,59.9,1197,7.2,43.5
50-64,161957,10/14/2020,18.9,3180,19.1,18.4
65,91359,10/14/2020,10.6,12242,73.7,15.6
0-17,90645,10/15/2020,10.5,2,0,22.5
18-49,515699,10/15/2020,59.9,1201,7.2,43.5
50-64,162544,10/15/2020,18.9,3202,19.2,18.4
65,91697,10/15/2020,10.6,12306,73.6,15.6
0-17,91051,10/16/2020,10.5,2,0,22.5
18-49,517420,10/16/2020,59.9,1207,7.2,43.5
50-64,163077,10/16/2020,18.9,3216,19.2,18.4
65,92027,10/16/2020,10.6,12364,73.6,15.6
0-17,91471,10/17/2020,10.5,2,0,22.5
18-49,519066,10/17/2020,59.8,1212,7.2,43.5
50-64,163593,10/17/2020,18.9,3238,19.2,18.4
65,92326,10/17/2020,10.6,12430,73.6,15.6
0-17,91935,10/18/2020,10.6,2,0,22.5
18-49,521159,10/18/2020,59.8,1212,7.2,43.5
50-64,164194,10/18/2020,18.9,3243,19.2,18.4
65,92643,10/18/2020,10.6,12436,73.6,15.6
0-17,92375,10/19/2020,10.6,2,0,22.5
18-49,523072,10/19/2020,59.8,1216,7.2,43.5
50-64,164817,10/19/2020,18.9,3244,19.2,18.4
65,92952,10/19/2020,10.6,12445,73.6,15.6
0-17,92864,10/20/2020,10.6,2,0,22.5
18-49,525174,10/20/2020,59.8,1218,7.2,43.5
50-64,165568,10/20/2020,18.9,3255,19.2,18.4
65,93333,10/20/2020,10.6,12511,73.7,15.6
0-17,93249,10/21/2020,10.6,2,0,22.5
18-49,526820,10/21/2020,59.8,1229,7.2,43.5
50-64,166162,10/21/2020,18.9,3274,19.1,18.4
65,93662,10/21/2020,10.6,12617,73.7,15.6
0-17,94030,10/22/2020,10.6,2,0,22.5
18-49,530359,10/22/2020,59.8,1229,7.2,43.5
50-64,167321,10/22/2020,18.9,3283,19.1,18.4
65,94321,10/22/2020,10.6,12670,73.7,15.6
0-17,94896,10/23/2020,10.6,2,0,22.5
18-49,533822,10/23/2020,59.8,1229,7.1,43.5
50-64,168370,10/23/2020,18.9,3290,19.1,18.4
65,94882,10/23/2020,10.6,12709,73.8,15.6
0-17,95603,10/24/2020,10.6,2,0,22.5
18-49,536903,10/24/2020,59.8,1234,7.1,43.5
50-64,169336,10/24/2020,18.9,3305,19.1,18.4
65,95336,10/24/2020,10.6,12744,73.7,15.6
0-17,95990,10/25/2020,10.7,2,0,22.5
18-49,538674,10/25/2020,59.8,1236,7.1,43.5
50-64,169913,10/25/2020,18.9,3305,19.1,18.4
65,95584,10/25/2020,10.6,12754,73.7,15.6
0-17,96360,10/26/2020,10.7,2,0,22.5
18-49,540531,10/26/2020,59.8,1236,7.1,43.5
50-64,170563,10/26/2020,18.9,3307,19.1,18.4
65,95901,10/26/2020,10.6,12767,73.7,15.6
0-17,96978,10/27/2020,10.7,2,0,22.5
18-49,543262,10/27/2020,59.8,1252,7.2,43.5
50-64,171333,10/27/2020,18.9,3332,19.1,18.4
65,96305,10/27/2020,10.6,12842,73.7,15.6
0-17,97497,10/28/2020,10.7,2,0,22.5
18-49,545660,10/28/2020,59.8,1257,7.2,43.5
50-64,172094,10/28/2020,18.9,3342,19.1,18.4
65,96800,10/28/2020,10.6,12900,73.7,15.6
0-17,97994,10/29/2020,10.7,2,0,22.5
18-49,547963,10/29/2020,59.8,1258,7.2,43.5
50-64,172862,10/29/2020,18.9,3349,19.1,18.4
65,97247,10/29/2020,10.6,12936,73.7,15.6
0-17,98615,10/30/2020,10.7,2,0,22.5
18-49,550862,10/30/2020,59.7,1270,7.2,43.5
50-64,173917,10/30/2020,18.9,3359,19.1,18.4
65,97764,10/30/2020,10.6,12972,73.7,15.6
0-17,99123,10/31/2020,10.7,2,0,22.5
18-49,553578,10/31/2020,59.7,1273,7.2,43.5
50-64,174737,10/31/2020,18.9,3365,19.1,18.4
65,98240,10/31/2020,10.6,13020,73.7,15.6
0-17,99679,11/1/2020,10.7,2,0,22.5
18-49,555933,11/1/2020,59.7,1274,7.2,43.5
50-64,175508,11/1/2020,18.9,3368,19,18.4
65,98643,11/1/2020,10.6,13037,73.7,15.6
0-17,100239,11/2/2020,10.7,2,0,22.5
18-49,558194,11/2/2020,59.7,1275,7.2,43.5
50-64,176308,11/2/2020,18.9,3369,19,18.4
65,99065,11/2/2020,10.6,13044,73.7,15.6
0-17,100856,11/3/2020,10.7,2,0,22.5
18-49,561326,11/3/2020,59.7,1282,7.2,43.5
50-64,177367,11/3/2020,18.9,3382,19,18.4
65,99592,11/3/2020,10.6,13104,73.7,15.6
0-17,101430,11/4/2020,10.7,2,0,22.5
18-49,564094,11/4/2020,59.7,1292,7.2,43.5
50-64,178172,11/4/2020,18.9,3391,19,18.4
65,100004,11/4/2020,10.6,13147,73.7,15.6
0-17,102277,11/5/2020,10.8,2,0,22.5
18-49,567927,11/5/2020,59.7,1298,7.3,43.5
50-64,179365,11/5/2020,18.9,3409,19,18.4
65,100643,11/5/2020,10.6,13188,73.7,15.6
0-17,102996,11/6/2020,10.8,2,0,22.5
18-49,571373,11/6/2020,59.7,1300,7.2,43.5
50-64,180424,11/6/2020,18.9,3421,19.1,18.4
65,101279,11/6/2020,10.6,13220,73.7,15.6
0-17,103975,11/7/2020,10.8,2,0,22.5
18-49,576051,11/7/2020,59.7,1303,7.2,43.5
50-64,181808,11/7/2020,18.8,3439,19.1,18.4
65,101922,11/7/2020,10.6,13272,73.7,15.6
0-17,105005,11/8/2020,10.8,2,0,22.5
18-49,580281,11/8/2020,59.7,1303,7.2,43.5
50-64,183085,11/8/2020,18.8,3438,19.1,18.4
65,102592,11/8/2020,10.6,13275,73.7,15.6
0-17,105792,11/9/2020,10.8,2,0,22.5
18-49,583469,11/9/2020,59.7,1303,7.2,43.5
50-64,184005,11/9/2020,18.8,3440,19.1,18.4
65,103063,11/9/2020,10.5,13281,73.7,15.6
0-17,106693,11/10/2020,10.8,2,0,22.5
18-49,588029,11/10/2020,59.7,1308,7.2,43.5
50-64,185315,11/10/2020,18.8,3453,19.1,18.4
65,103745,11/10/2020,10.5,13330,73.7,15.6
0-17,107582,11/11/2020,10.8,2,0,22.5
18-49,592114,11/11/2020,59.7,1312,7.2,43.5
50-64,186603,11/11/2020,18.8,3463,19.1,18.4
65,104403,11/11/2020,10.5,13359,73.7,15.6
0-17,108445,11/12/2020,10.9,2,0,22.5
18-49,596237,11/12/2020,59.7,1315,7.2,43.5
50-64,187873,11/12/2020,18.8,3470,19.1,18.4
65,105031,11/12/2020,10.5,13375,73.6,15.6
0-17,109636,11/13/2020,10.9,2,0,22.5
18-49,602180,11/13/2020,59.7,1321,7.2,43.5
50-64,189615,11/13/2020,18.8,3487,19.1,18.4
65,106013,11/13/2020,10.5,13426,73.6,15.6
0-17,111029,11/14/2020,10.9,2,0,22.5
18-49,608738,11/14/2020,59.7,1325,7.2,43.5
50-64,191565,11/14/2020,18.8,3498,19.1,18.4
65,107074,11/14/2020,10.5,13476,73.6,15.6
0-17,112297,11/15/2020,10.9,2,0,22.5
18-49,614649,11/15/2020,59.7,1328,7.2,43.5
50-64,193375,11/15/2020,18.8,3502,19.1,18.4
65,107973,11/15/2020,10.5,13490,73.6,15.6
0-17,113638,11/16/2020,10.9,2,0,22.5
18-49,619702,11/16/2020,59.7,1329,7.2,43.5
50-64,194932,11/16/2020,18.8,3502,19.1,18.4
65,108766,11/16/2020,10.5,13509,73.6,15.6
0-17,114812,11/17/2020,11,2,0,22.5
18-49,625550,11/17/2020,59.7,1332,7.2,43.5
50-64,196717,11/17/2020,18.8,3514,19.1,18.4
65,109763,11/17/2020,10.5,13546,73.6,15.6
0-17,116320,11/18/2020,11,2,0,22.5
18-49,632227,11/18/2020,59.7,1340,7.2,43.5
50-64,198904,11/18/2020,18.8,3535,19.1,18.4
65,110871,11/18/2020,10.5,13624,73.6,15.6
0-17,117930,11/19/2020,11,2,0,22.5
18-49,640116,11/19/2020,59.7,1346,7.2,43.5
50-64,201254,11/19/2020,18.8,3555,19.1,18.4
65,112026,11/19/2020,10.4,13689,73.6,15.6
0-17,119794,11/20/2020,11,2,0,22.5
18-49,649210,11/20/2020,59.7,1351,7.2,43.5
50-64,204214,11/20/2020,18.8,3573,19.1,18.4
65,113542,11/20/2020,10.4,13754,73.6,15.6
0-17,121574,11/21/2020,11,2,0,22.5
18-49,657635,11/21/2020,59.7,1356,7.2,43.5
50-64,206897,11/21/2020,18.8,3578,19.1,18.4
65,114971,11/21/2020,10.4,13817,73.7,15.6
0-17,122672,11/22/2020,11,2,0,22.5
18-49,662497,11/22/2020,59.7,1358,7.2,43.5
50-64,208339,11/22/2020,18.8,3591,19.1,18.4
65,115905,11/22/2020,10.4,13844,73.7,15.6
0-17,124712,11/23/2020,11.1,2,0,22.5
18-49,671494,11/23/2020,59.7,1358,7.2,43.5
50-64,211185,11/23/2020,18.8,3598,19.1,18.4
65,117343,11/23/2020,10.4,13858,73.6,15.6
0-17,126874,11/24/2020,11.1,2,0,22.5
18-49,682308,11/24/2020,59.6,1366,7.2,43.5
50-64,214756,11/24/2020,18.8,3620,19.1,18.4
65,119130,11/24/2020,10.4,13941,73.6,15.6
0-17,128707,11/25/2020,11.1,2,0,22.5
18-49,690862,11/25/2020,59.6,1370,7.2,43.5
50-64,217589,11/25/2020,18.8,3639,19.1,18.4
65,120544,11/25/2020,10.4,14019,73.7,15.6
0-17,130355,11/26/2020,11.1,2,0,22.5
18-49,698204,11/26/2020,59.6,1370,7.2,43.5
50-64,219932,11/26/2020,18.8,3660,19.2,18.4
65,121832,11/26/2020,10.4,14076,73.7,15.6
0-17,131829,11/27/2020,11.1,2,0,22.5
18-49,705285,11/27/2020,59.6,1372,7.2,43.5
50-64,222191,11/27/2020,18.8,3668,19.2,18.4
65,123005,11/27/2020,10.4,14111,73.7,15.6
0-17,133586,11/28/2020,11.1,2,0,22.5
18-49,714382,11/28/2020,59.6,1374,7.2,43.5
50-64,225207,11/28/2020,18.8,3675,19.2,18.4
65,124744,11/28/2020,10.4,14136,73.7,15.6
0-17,135365,11/29/2020,11.2,2,0,22.5
18-49,722382,11/29/2020,59.6,1377,7.2,43.5
50-64,227953,11/29/2020,18.8,3678,19.1,18.4
65,126255,11/29/2020,10.4,14162,73.7,15.6
0-17,136904,11/30/2020,11.2,2,0,22.5
18-49,729630,11/30/2020,59.6,1376,7.1,43.5
50-64,230204,11/30/2020,18.8,3687,19.2,18.4
65,127432,11/30/2020,10.4,14183,73.7,15.6
0-17,139427,12/1/2020,11.2,2,0,22.5
18-49,741663,12/1/2020,59.5,1386,7.2,43.5
50-64,234277,12/1/2020,18.8,3703,19.1,18.4
65,129548,12/1/2020,10.4,14276,73.7,15.6
0-17,141712,12/2/2020,11.2,2,0,22.5
18-49,752442,12/2/2020,59.5,1391,7.1,43.5
50-64,237843,12/2/2020,18.8,3721,19.1,18.4
65,131495,12/2/2020,10.4,14366,73.7,15.6
0-17,144555,12/3/2020,11.2,2,0,22.5
18-49,765403,12/3/2020,59.5,1403,7.1,43.5
50-64,241906,12/3/2020,18.8,3758,19.1,18.4
65,133635,12/3/2020,10.4,14518,73.8,15.6
0-17,147807,12/4/2020,11.3,2,0,22.5
18-49,780365,12/4/2020,59.5,1411,7.1,43.5
50-64,246393,12/4/2020,18.8,3782,19.1,18.4
65,135981,12/4/2020,10.4,14612,73.8,15.6
0-17,151540,12/5/2020,11.3,2,0,22.5
18-49,798102,12/5/2020,59.5,1420,7.1,43.5
50-64,251923,12/5/2020,18.8,3808,19.1,18.4
65,139047,12/5/2020,10.4,14699,73.8,15.6
0-17,155054,12/6/2020,11.3,2,0,22.5
18-49,812529,12/6/2020,59.5,1434,7.2,43.5
50-64,256392,12/6/2020,18.8,3822,19.1,18.4
65,141371,12/6/2020,10.3,14769,73.7,15.6
0-17,158338,12/7/2020,11.4,2,0,22.5
18-49,826081,12/7/2020,59.4,1437,7.2,43.5
50-64,260565,12/7/2020,18.7,3829,19.1,18.4
65,143631,12/7/2020,10.3,14818,73.8,15.6
0-17,162504,12/8/2020,11.4,2,0,22.5
18-49,844391,12/8/2020,59.4,1450,7.2,43.5
50-64,266080,12/8/2020,18.7,3852,19,18.4
65,146465,12/8/2020,10.3,14949,73.8,15.6
0-17,166453,12/9/2020,11.5,2,0,22.5
18-49,861727,12/9/2020,59.4,1461,7.1,43.5
50-64,271628,12/9/2020,18.7,3891,19,18.4
65,149303,12/9/2020,10.3,15103,73.8,15.6
0-17,171218,12/10/2020,11.5,3,0,22.5
18-49,882580,12/10/2020,59.4,1467,7.1,43.5
50-64,278211,12/10/2020,18.7,3913,19,18.4
65,152545,12/10/2020,10.3,15259,73.9,15.6
0-17,175820,12/11/2020,11.6,3,0,22.5
18-49,903402,12/11/2020,59.4,1473,7.1,43.5
50-64,285130,12/11/2020,18.7,3952,19,18.4
65,155904,12/11/2020,10.2,15382,73.9,15.6
0-17,179873,12/12/2020,11.6,3,0,22.5
18-49,921022,12/12/2020,59.4,1488,7.1,43.5
50-64,290746,12/12/2020,18.7,3983,19,18.4
65,158920,12/12/2020,10.2,15520,73.9,15.6
0-17,184347,12/13/2020,11.6,3,0,22.5
18-49,940264,12/13/2020,59.3,1495,7.1,43.5
50-64,297006,12/13/2020,18.7,3992,18.9,18.4
65,162211,12/13/2020,10.2,15597,74,15.6
0-17,188369,12/14/2020,11.6,3,0,22.5
18-49,958476,12/14/2020,59.3,1502,7.1,43.5
50-64,303461,12/14/2020,18.8,4017,19,18.4
65,165856,12/14/2020,10.3,15655,73.9,15.6
0-17,195429,12/15/2020,11.7,3,0,22.5
18-49,989940,12/15/2020,59.2,1512,7.1,43.5
50-64,313464,12/15/2020,18.8,4053,18.9,18.4
65,171018,12/15/2020,10.2,15841,74,15.6
0-17,202824,12/16/2020,11.8,3,0,22.5
18-49,1020056,12/16/2020,59.2,1532,7,43.5
50-64,323215,12/16/2020,18.8,4133,18.9,18.4
65,176030,12/16/2020,10.2,16148,74,15.6
0-17,208045,12/17/2020,11.8,4,0,22.5
18-49,1043558,12/17/2020,59.1,1549,7,43.5
50-64,331246,12/17/2020,18.8,4172,18.9,18.4
65,180273,12/17/2020,10.2,16354,74.1,15.6
0-17,213673,12/18/2020,11.8,4,0,22.5
18-49,1068602,12/18/2020,59.1,1567,7,43.5
50-64,339716,12/18/2020,18.8,4221,18.9,18.4
65,184721,12/18/2020,10.2,16553,74.1,15.6
0-17,219738,12/19/2020,11.8,4,0,22.5
18-49,1094812,12/19/2020,59,1581,7,43.5
50-64,348936,12/19/2020,18.8,4256,18.9,18.4
65,189671,12/19/2020,10.2,16729,74.1,15.6
0-17,224882,12/20/2020,11.9,4,0,22.5
18-49,1116119,12/20/2020,59,1588,7,43.5
50-64,356328,12/20/2020,18.8,4278,18.8,18.4
65,193693,12/20/2020,10.2,16844,74.2,15.6
0-17,229284,12/21/2020,11.9,4,0,22.5
18-49,1134542,12/21/2020,58.9,1603,7,43.5
50-64,362733,12/21/2020,18.8,4296,18.8,18.4
65,197117,12/21/2020,10.2,16922,74.1,15.6
0-17,234174,12/22/2020,11.9,4,0,22.5
18-49,1156574,12/22/2020,58.9,1621,7,43.5
50-64,370623,12/22/2020,18.9,4347,18.8,18.4
65,201338,12/22/2020,10.3,17124,74.1,15.6
0-17,234174,12/23/2020,11.9,4,0,22.5
18-49,1156574,12/23/2020,58.9,1621,7,43.5
50-64,370623,12/23/2020,18.9,4347,18.8,18.4
65,201338,12/23/2020,10.3,17124,74.1,15.6
0-17,244351,12/24/2020,12,5,0,22.5
18-49,1200331,12/24/2020,58.8,1656,7,43.5
50-64,386028,12/24/2020,18.9,4452,18.8,18.4
65,210115,12/24/2020,10.3,17608,74.2,15.6
0-17,248331,12/25/2020,12,5,0,22.5
18-49,1217554,12/25/2020,58.7,1666,7,43.5
50-64,391940,12/25/2020,18.9,4487,18.8,18.4
65,213365,12/25/2020,10.3,17740,74.2,15.6
0-17,255715,12/26/2020,12,5,0,22.5
18-49,1245473,12/26/2020,58.7,1675,6.9,43.5
50-64,401601,12/26/2020,18.9,4528,18.8,18.4
65,218524,12/26/2020,10.3,17909,74.2,15.6
0-17,260305,12/27/2020,12.1,5,0,22.5
18-49,1263780,12/27/2020,58.6,1682,7,43.5
50-64,408076,12/27/2020,18.9,4546,18.8,18.4
65,222306,12/27/2020,10.3,17958,74.2,15.6
0-17,264242,12/28/2020,12.1,5,0,22.5
18-49,1280947,12/28/2020,58.6,1692,7,43.5
50-64,414336,12/28/2020,18.9,4569,18.8,18.4
65,226184,12/28/2020,10.3,18042,74.2,15.6
0-17,268121,12/29/2020,12.1,6,0,22.5
18-49,1298364,12/29/2020,58.5,1722,7,43.5
50-64,420482,12/29/2020,19,4634,18.7,18.4
65,229656,12/29/2020,10.4,18372,74.3,15.6
0-17,268121,12/30/2020,12.1,6,0,22.5
18-49,1298364,12/30/2020,58.5,1722,7,43.5
50-64,420482,12/30/2020,19,4634,18.7,18.4
65,229656,12/30/2020,10.4,18372,74.3,15.6
0-17,277420,12/31/2020,12.1,6,0,22.5
18-49,1341369,12/31/2020,58.5,1778,6.9,43.5
50-64,434628,12/31/2020,19,4797,18.6,18.4
65,237603,12/31/2020,10.4,19217,74.5,15.6
0-17,284404,1/1/2021,12.1,6,0,22.5
18-49,1372058,1/1/2021,58.5,1807,6.9,43.5
50-64,444733,1/1/2021,19,4874,18.6,18.4
65,243143,1/1/2021,10.4,19545,74.5,15.6
0-17,290655,1/2/2021,12.2,6,0,22.5
18-49,1397879,1/2/2021,58.5,1834,6.9,43.5
50-64,453356,1/2/2021,19,4920,18.6,18.4
65,247791,1/2/2021,10.4,19727,74.5,15.6
0-17,294879,1/3/2021,12.2,6,0,22.5
18-49,1414371,1/3/2021,58.4,1825,6.9,43.5
50-64,459070,1/3/2021,19,4939,18.6,18.4
65,251000,1/3/2021,10.4,19787,74.5,15.6
0-17,298917,1/4/2021,12.2,6,0,22.5
18-49,1431570,1/4/2021,58.4,1847,6.9,43.5
50-64,465397,1/4/2021,19,4981,18.6,18.4
65,254873,1/4/2021,10.4,19969,74.5,15.6
0-17,303249,1/5/2021,12.2,6,0,22.5
18-49,1448341,1/5/2021,58.3,1869,6.9,43.5
50-64,471057,1/5/2021,19,5059,18.6,18.4
65,257996,1/5/2021,10.4,20284,74.5,15.6
0-17,307852,1/6/2021,12.2,6,0,22.5
18-49,1468660,1/6/2021,58.3,1905,6.8,43.5
50-64,477988,1/6/2021,19,5160,18.6,18.4
65,262405,1/6/2021,10.4,20734,74.6,15.6
0-17,314694,1/7/2021,12.3,6,0,22.5
18-49,1497244,1/7/2021,58.3,1940,6.8,43.5
50-64,487547,1/7/2021,19,5254,18.5,18.4
65,267362,1/7/2021,10.4,21161,74.6,15.6
0-17,321802,1/8/2021,12.3,6,0,22.5
18-49,1527536,1/8/2021,58.3,1983,6.8,43.5
50-64,497350,1/8/2021,19,5369,18.5,18.4
65,272795,1/8/2021,10.4,21633,74.6,15.6
0-17,328748,1/9/2021,12.3,6,0,22.5
18-49,1555858,1/9/2021,58.3,2007,6.8,43.5
50-64,506646,1/9/2021,19,5459,18.5,18.4
65,277893,1/9/2021,10.4,22018,74.6,15.6
0-17,334451,1/10/2021,12.3,6,0,22.5
18-49,1578202,1/10/2021,58.2,2036,6.8,43.5
50-64,514231,1/10/2021,19,5527,18.5,18.4
65,282092,1/10/2021,10.4,22336,74.7,15.6
0-17,339927,1/11/2021,12.4,6,0,22.5
18-49,1598547,1/11/2021,58.2,2047,6.8,43.5
50-64,521163,1/11/2021,19,5564,18.5,18.4
65,285832,1/11/2021,10.4,22483,74.7,15.6
0-17,344861,1/12/2021,12.4,6,0,22.5
18-49,1617300,1/12/2021,58.2,2078,6.8,43.5
50-64,527510,1/12/2021,19,5669,18.5,18.4
65,289522,1/12/2021,10.4,22926,74.7,15.6
0-17,350118,1/13/2021,12.4,6,0,22.5
18-49,1637122,1/13/2021,58.1,2112,6.8,43.5
50-64,534354,1/13/2021,19,5750,18.4,18.4
65,293498,1/13/2021,10.4,23347,74.8,15.6
0-17,356370,1/14/2021,12.5,6,0,22.5
18-49,1660484,1/14/2021,58.1,2135,6.7,43.5
50-64,542772,1/14/2021,19,5806,18.3,18.4
65,298095,1/14/2021,10.4,23693,74.9,15.6
0-17,362473,1/15/2021,12.5,6,0,22.5
18-49,1682630,1/15/2021,58,2176,6.7,43.5
50-64,550676,1/15/2021,19,5928,18.4,18.4
65,302548,1/15/2021,10.4,24133,74.8,15.6
0-17,368936,1/16/2021,12.5,6,0,22.5
18-49,1705601,1/16/2021,58,2211,6.7,43.5
50-64,558733,1/16/2021,19,6039,18.4,18.4
65,307249,1/16/2021,10.4,24550,74.8,15.6
0-17,373656,1/17/2021,12.6,6,0,22.5
18-49,1722010,1/17/2021,57.9,2228,6.7,43.5
50-64,564745,1/17/2021,19,6117,18.5,18.4
65,310785,1/17/2021,10.5,24781,74.8,15.6
0-17,377455,1/18/2021,12.6,6,0,22.5
18-49,1734696,1/18/2021,57.9,2238,6.7,43.5
50-64,569334,1/18/2021,19,6168,18.5,18.4
65,313509,1/18/2021,10.5,24944,74.8,15.6
0-17,380783,1/19/2021,12.6,6,0,22.5
18-49,1746895,1/19/2021,57.9,2257,6.7,43.5
50-64,573727,1/19/2021,19,6232,18.5,18.4
65,315996,1/19/2021,10.5,25187,74.8,15.6
0-17,383407,1/20/2021,12.6,7,0,22.5
18-49,1757542,1/20/2021,57.8,2298,6.7,43.5
50-64,577746,1/20/2021,19,6380,18.6,18.4
65,318359,1/20/2021,10.5,25653,74.7,15.6
0-17,386617,1/21/2021,12.6,9,0,22.5
18-49,1769880,1/21/2021,57.8,2347,6.7,43.5
50-64,582324,1/21/2021,19,6512,18.6,18.4
65,321246,1/21/2021,10.5,26153,74.7,15.6
0-17,389721,1/22/2021,12.6,9,0,22.5
18-49,1782501,1/22/2021,57.8,2373,6.7,43.5
50-64,586778,1/22/2021,19,6611,18.6,18.4
65,324030,1/22/2021,10.5,26543,74.7,15.6
0-17,393279,1/23/2021,12.6,9,0,22.5
18-49,1795806,1/23/2021,57.8,2415,6.7,43.5
50-64,591372,1/23/2021,19,6752,18.6,18.4
65,326670,1/23/2021,10.5,27024,74.6,15.6
0-17,397453,1/24/2021,12.7,9,0,22.5
18-49,1810255,1/24/2021,57.7,2427,6.7,43.5
50-64,596666,1/24/2021,19,6787,18.6,18.4
65,329760,1/24/2021,10.5,27216,74.7,15.6
0-17,400095,1/25/2021,12.7,9,0,22.5
18-49,1819350,1/25/2021,57.7,2436,6.6,43.5
50-64,600018,1/25/2021,19,6832,18.6,18.4
65,331706,1/25/2021,10.5,27373,74.7,15.6
0-17,402283,1/26/2021,12.7,9,0,22.5
18-49,1828399,1/26/2021,57.7,2476,6.6,43.5
50-64,603406,1/26/2021,19,6964,18.7,18.4
65,333827,1/26/2021,10.5,27868,74.7,15.6
0-17,404631,1/27/2021,12.7,9,0,22.5
18-49,1837255,1/27/2021,57.7,2523,6.6,43.5
50-64,606779,1/27/2021,19,7114,18.7,18.4
65,335853,1/27/2021,10.5,28415,74.6,15.6
0-17,407198,1/28/2021,12.7,11,0,22.5
18-49,1847694,1/28/2021,57.6,2567,6.6,43.5
50-64,610690,1/28/2021,19,7229,18.7,18.4
65,338251,1/28/2021,10.6,28852,74.6,15.6
0-17,409826,1/29/2021,12.7,11,0,22.5
18-49,1857546,1/29/2021,57.6,2616,6.7,43.5
50-64,614408,1/29/2021,19.1,7364,18.7,18.4
65,340478,1/29/2021,10.6,29323,74.6,15.6
0-17,412601,1/30/2021,12.7,12,0,22.5
18-49,1867867,1/30/2021,57.6,2662,6.7,43.5
50-64,618143,1/30/2021,19.1,7496,18.8,18.4
65,342610,1/30/2021,10.6,29734,74.5,15.6
0-17,414991,1/31/2021,12.7,12,0,22.5
18-49,1876071,1/31/2021,57.6,2691,6.7,43.5
50-64,621018,1/31/2021,19.1,7568,18.8,18.4
65,344502,1/31/2021,10.6,29984,74.5,15.6
0-17,416891,2/1/2021,12.7,12,0,22.5
18-49,1882333,2/1/2021,57.6,2702,6.7,43.5
50-64,623439,2/1/2021,19.1,7611,18.8,18.4
65,345985,2/1/2021,10.6,30124,74.5,15.6
0-17,418365,2/2/2021,12.8,12,0,22.5
18-49,1887798,2/2/2021,57.5,2748,6.7,43.5
50-64,625572,2/2/2021,19.1,7727,18.8,18.4
65,347383,2/2/2021,10.6,30523,74.4,15.6
0-17,420213,2/3/2021,12.8,12,0,22.5
18-49,1894834,2/3/2021,57.5,2802,6.7,43.5
50-64,628226,2/3/2021,19.1,7849,18.9,18.4
65,349039,2/3/2021,10.6,30962,74.4,15.6
0-17,422274,2/4/2021,12.8,12,0,22.5
18-49,1902343,2/4/2021,57.5,2851,6.7,43.5
50-64,630958,2/4/2021,19.1,8010,18.9,18.4
65,350812,2/4/2021,10.6,31531,74.3,15.6
0-17,424067,2/5/2021,12.8,13,0,22.5
18-49,1908979,2/5/2021,57.5,2897,6.7,43.5
50-64,633364,2/5/2021,19.1,8122,18.9,18.4
65,352363,2/5/2021,10.6,31976,74.3,15.6
0-17,426326,2/6/2021,12.8,13,0,22.5
18-49,1917098,2/6/2021,57.5,2921,6.7,43.5
50-64,636296,2/6/2021,19.1,8214,18.9,18.4
65,354119,2/6/2021,10.6,32298,74.3,15.6
0-17,427969,2/7/2021,12.8,13,0,22.5
18-49,1922508,2/7/2021,57.5,2942,6.7,43.5
50-64,638410,2/7/2021,19.1,8262,18.9,18.4
65,355369,2/7/2021,10.6,32506,74.3,15.6
0-17,429257,2/8/2021,12.8,13,0,22.5
18-49,1926874,2/8/2021,57.4,2955,6.7,43.5
50-64,640035,2/8/2021,19.1,8301,18.9,18.4
65,356332,2/8/2021,10.6,32625,74.3,15.6
0-17,430453,2/9/2021,12.8,13,0,22.5
18-49,1931294,2/9/2021,57.4,2985,6.7,43.5
50-64,641686,2/9/2021,19.1,8418,18.9,18.4
65,357449,2/9/2021,10.6,33000,74.3,15.6
0-17,431804,2/10/2021,12.8,13,0,22.5
18-49,1935819,2/10/2021,57.4,3021,6.7,43.5
50-64,643344,2/10/2021,19.1,8537,19,18.4
65,358485,2/10/2021,10.6,33409,74.3,15.6
0-17,433159,2/11/2021,12.8,13,0,22.5
18-49,1941204,2/11/2021,57.4,3050,6.7,43.5
50-64,645327,2/11/2021,19.1,8663,19,18.4
65,359817,2/11/2021,10.6,33785,74.2,15.6
0-17,434526,2/12/2021,12.8,13,0,22.5
18-49,1946247,2/12/2021,57.4,3069,6.7,43.5
50-64,647161,2/12/2021,19.1,8762,19.1,18.4
65,360993,2/12/2021,10.6,34133,74.2,15.6
0-17,435945,2/13/2021,12.8,13,0,22.5
18-49,1950953,2/13/2021,57.4,3100,6.7,43.5
50-64,648871,2/13/2021,19.1,8853,19.1,18.4
65,361993,2/13/2021,10.6,34483,74.2,15.6
0-17,436921,2/14/2021,12.8,13,0,22.5
18-49,1954321,2/14/2021,57.4,3113,6.7,43.5
50-64,650118,2/14/2021,19.1,8903,19.1,18.4
65,362882,2/14/2021,10.7,34683,74.2,15.6
0-17,437865,2/15/2021,12.8,13,0,22.5
18-49,1957294,2/15/2021,57.4,3118,6.7,43.5
50-64,651225,2/15/2021,19.1,8926,19.1,18.4
65,363548,2/15/2021,10.7,34731,74.2,15.6
0-17,438493,2/16/2021,12.8,13,0,22.5
18-49,1959463,2/16/2021,57.4,3138,6.7,43.5
50-64,652016,2/16/2021,19.1,8986,19.1,18.4
65,364046,2/16/2021,10.7,34942,74.2,15.6
0-17,439176,2/17/2021,12.8,14,0,22.5
18-49,1962504,2/17/2021,57.4,3157,6.6,43.5
50-64,653133,2/17/2021,19.1,9089,19.1,18.4
65,364781,2/17/2021,10.7,35269,74.2,15.6
0-17,440098,2/18/2021,12.8,14,0,22.5
18-49,1966284,2/18/2021,57.4,3183,6.6,43.5
50-64,654421,2/18/2021,19.1,9173,19.1,18.4
65,365575,2/18/2021,10.7,35596,74.2,15.6
0-17,440968,2/19/2021,12.8,14,0,22.5
18-49,1969895,2/19/2021,57.3,3221,6.7,43.5
50-64,655764,2/19/2021,19.1,9265,19.1,18.4
65,366399,2/19/2021,10.7,35906,74.2,15.6
0-17,441978,2/20/2021,12.8,14,0,22.5
18-49,1973516,2/20/2021,57.3,3245,6.6,43.5
50-64,657076,2/20/2021,19.1,9364,19.2,18.4
65,367229,2/20/2021,10.7,36177,74.1,15.6
0-17,442690,2/21/2021,12.8,14,0,22.5
18-49,1976055,2/21/2021,57.3,3269,6.7,43.5
50-64,657968,2/21/2021,19.1,9427,19.2,18.4
65,367754,2/21/2021,10.7,36322,74.1,15.6
0-17,443234,2/22/2021,12.8,14,0,22.5
18-49,1977904,2/22/2021,57.3,3273,6.7,43.5
50-64,658650,2/22/2021,19.1,9441,19.2,18.4
65,368121,2/22/2021,10.7,36394,74.1,15.6
0-17,443900,2/23/2021,12.8,14,0,22.5
18-49,1980770,2/23/2021,57.3,3302,6.7,43.5
50-64,659757,2/23/2021,19.1,9517,19.2,18.4
65,368784,2/23/2021,10.7,36631,74,15.6
0-17,444547,2/24/2021,12.8,14,0,22.5
18-49,1983548,2/24/2021,57.3,3377,6.7,43.5
50-64,660785,2/24/2021,19.1,9741,19.2,18.4
65,369313,2/24/2021,10.7,37510,74.1,15.6
0-17,445314,2/25/2021,12.8,14,0,22.5
18-49,1986471,2/25/2021,57.3,3413,6.7,43.5
50-64,661836,2/25/2021,19.1,9841,19.3,18.4
65,369969,2/25/2021,10.7,37847,74,15.6
0-17,446057,2/26/2021,12.9,14,0,22.5
18-49,1989308,2/26/2021,57.3,3428,6.7,43.5
50-64,662816,2/26/2021,19.1,9931,19.3,18.4
65,370554,2/26/2021,10.7,38126,74,15.6
0-17,446763,2/27/2021,12.9,14,0,22.5
18-49,1991839,2/27/2021,57.3,3441,6.6,43.5
50-64,663739,2/27/2021,19.1,9991,19.3,18.4
65,371071,2/27/2021,10.7,38342,74,15.6
0-17,447354,2/28/2021,12.9,14,0,22.5
18-49,1993740,2/28/2021,57.3,3459,6.6,43.5
50-64,664406,2/28/2021,19.1,10056,19.3,18.4
65,371427,2/28/2021,10.7,38498,74,15.6
0-17,447770,3/1/2021,12.9,14,0,22.5
18-49,1995109,3/1/2021,57.3,3467,6.7,43.5
50-64,664879,3/1/2021,19.1,10069,19.3,18.4
65,371704,3/1/2021,10.7,38574,74,15.6
0-17,448193,3/2/2021,12.9,14,0,22.5
18-49,1996925,3/2/2021,57.3,3482,6.6,43.5
50-64,665595,3/2/2021,19.1,10127,19.3,18.4
65,372106,3/2/2021,10.7,38801,74,15.6
0-17,448653,3/3/2021,12.9,14,0,22.5
18-49,1998780,3/3/2021,57.3,3515,6.7,43.5
50-64,666332,3/3/2021,19.1,10232,19.4,18.4
65,372554,3/3/2021,10.7,39056,73.9,15.6
0-17,449313,3/4/2021,12.9,14,0,22.5
18-49,2001313,3/4/2021,57.3,3534,6.6,43.5
50-64,667234,3/4/2021,19.1,10301,19.4,18.4
65,373112,3/4/2021,10.7,39339,74,15.6
0-17,449972,3/5/2021,12.9,14,0,22.5
18-49,2003731,3/5/2021,57.3,3550,6.6,43.5
50-64,668098,3/5/2021,19.1,10369,19.4,18.4
65,373601,3/5/2021,10.7,39525,73.9,15.6
0-17,450519,3/6/2021,12.9,14,0,22.5
18-49,2005831,3/6/2021,57.3,3565,6.6,43.5
50-64,668847,3/6/2021,19.1,10429,19.4,18.4
65,374031,3/6/2021,10.7,39708,73.9,15.6
0-17,451015,3/7/2021,12.9,14,0,22.5
18-49,2007650,3/7/2021,57.3,3567,6.6,43.5
50-64,669481,3/7/2021,19.1,10447,19.4,18.4
65,374342,3/7/2021,10.7,39793,73.9,15.6
0-17,451462,3/8/2021,12.9,14,0,22.5
18-49,2009104,3/8/2021,57.3,3572,6.6,43.5
50-64,669976,3/8/2021,19.1,10458,19.4,18.4
65,374560,3/8/2021,10.7,39827,73.9,15.6
0-17,451984,3/9/2021,12.9,14,0,22.5
18-49,2012786,3/9/2021,57.3,3601,6.6,43.5
50-64,671260,3/9/2021,19.1,10544,19.4,18.4
65,375480,3/9/2021,10.7,40153,73.9,15.6
0-17,452443,3/10/2021,12.9,14,0,22.5
18-49,2014716,3/10/2021,57.3,3620,6.6,43.5
50-64,671794,3/10/2021,19.1,10593,19.4,18.4
65,375736,3/10/2021,10.7,40354,73.9,15.6
0-17,452919,3/11/2021,12.9,14,0,22.5
18-49,2016747,3/11/2021,57.3,3636,6.6,43.5
50-64,672444,3/11/2021,19.1,10665,19.4,18.4
65,376063,3/11/2021,10.7,40556,73.9,15.6
