RACE_ETHNICITY,CASES,CASE_PERCENTAGE,DEATHS,DEATH_PERCENTAGE,PERCENT_CA_POPULATION,DATE
Latino,5276,35.99,170,28.38,38.9,4/13/2020
Latino,5910,37.18,203,29.72,38.9,4/14/2020
Latino,6433,37.8,226,29.7,38.9,4/15/2020
Latino,7013,38.51,254,29.85,38.9,4/16/2020
Latino,7627,39.41,281,30.58,38.9,4/17/2020
Latino,8195,40.28,314,31.24,38.9,4/18/2020
Latino,8397,40.37,326,31.38,38.9,4/19/2020
Latino,9090,40.52,337,31.09,38.9,4/20/2020
Latino,9701,41.03,364,31.11,38.9,4/21/2020
Latino,10385,42.05,406,32.04,38.9,4/22/2020
Latino,10964,42.63,447,32.23,38.9,4/23/2020
Latino,11630,43.35,476,32.47,38.9,4/24/2020
Latino,12092,43.85,502,32.56,38.9,4/25/2020
Latino,12465,44.09,514,32.74,38.9,4/26/2020
Latino,12890,44.37,555,33.39,38.9,4/27/2020
Latino,13608,44.78820393,589,33.81171068,38.9,4/28/2020
Latino,14351,45.26843732,620,34.00987383,38.9,4/29/2020
Latino,15233,46,657,34.6,38.9,4/30/2020
Latino,16086,46.73717241,681,34.39393939,38.9,5/1/2020
Latino,17127,47.5,704,34.3,38.9,5/2/2020
Latino,17716,47.92771345,720,34.416826,38.9,5/3/2020
Latino,18087,48,740,34.6,38.9,5/4/2020
Latino,19333,48.9,784,35.2,38.9,5/5/2020
Latino,20030,49.4,819,35.4,38.9,5/6/2020
Latino,20824,49.8,850,35.5,38.9,5/7/2020
Latino,21621,50.3,875,35.6,38.9,5/8/2020
Latino,22525,50.8,914,35.6,38.9,5/9/2020
Latino,22971,50.9,924,35.7,38.9,5/10/2020
Latino,23511,51.2,946,35.8,38.9,5/11/2020
Latino,24511,51.7,984,36.1,38.9,5/12/2020
Latino,25582,52,1022,36.6,38.9,5/13/2020
Latino,26880,52.6,1060,36.7,38.9,5/14/2020
White,4639,31.64,246,41.07,36.6,4/13/2020
White,4939,31.07,264,38.65,36.6,4/14/2020
White,5239,30.79,286,37.58,36.6,4/15/2020
White,5504,30.22,314,36.9,36.6,4/16/2020
White,5757,29.75,333,36.24,36.6,4/17/2020
White,5945,29.22,357,35.52,36.6,4/18/2020
White,6051,29.09,368,35.42,36.6,4/19/2020
White,6257,27.89,388,35.79,36.6,4/20/2020
White,6982,29.53,417,35.64,36.6,4/21/2020
White,7206,29.18,442,34.89,36.6,4/22/2020
White,7422,28.86,485,34.97,36.6,4/23/2020
White,7618,28.39,512,34.92,36.6,4/24/2020
White,7739,28.07,536,34.76,36.6,4/25/2020
White,7885,27.89,543,34.59,36.6,4/26/2020
White,8064,27.76,582,35.02,36.6,4/27/2020
White,8339,27.4462693,613,35.18943743,36.6,4/28/2020
White,8674,27.36104978,633,34.72298409,36.6,4/29/2020
White,8926,27,655,34.5,36.6,4/30/2020
White,9119,26.49485734,683,34.4949495,36.6,5/1/2020
White,9449,26.2,721,35.1,36.6,5/2/2020
White,9607,25.99015258,730,34.89483748,36.6,5/3/2020
White,9724,25.8,744,34.8,36.6,5/4/2020
White,9998,25.3,766,34.4,36.6,5/5/2020
White,10158,25,794,34.3,36.6,5/6/2020
White,10375,24.8,818,34.2,36.6,5/7/2020
White,10508,24.4,848,34.5,36.6,5/8/2020
White,10740,24.2,891,34.7,36.6,5/9/2020
White,10863,24.1,897,34.6,36.6,5/10/2020
White,10997,23.9,914,34.6,36.6,5/11/2020
White,11210,23.6,937,34.4,36.6,5/12/2020
White,11625,23.6,961,34.4,36.6,5/13/2020
White,11956,23.40504669,991,34.3,36.6,5/14/2020
Asian,1902,12.97,98,16.36,15.4,4/13/2020
Asian,2045,12.87,103,15.08,15.4,4/14/2020
Asian,2161,12.7,122,16.03,15.4,4/15/2020
Asian,2361,12.96,135,15.86,15.4,4/16/2020
Asian,2489,12.86,147,16,15.4,4/17/2020
Asian,2605,12.81,162,16.12,15.4,4/18/2020
Asian,2635,12.67,169,16.27,15.4,4/19/2020
Asian,2741,12.22,175,16.14,15.4,4/20/2020
Asian,3020,12.77,206,17.61,15.4,4/21/2020
Asian,3133,12.69,224,17.68,15.4,4/22/2020
Asian,3241,12.6,237,17.09,15.4,4/23/2020
Asian,3357,12.51,250,17.05,15.4,4/24/2020
Asian,3438,12.47,266,17.25,15.4,4/25/2020
Asian,3508,12.41,271,17.26,15.4,4/26/2020
Asian,3609,12.42,283,17.03,15.4,4/27/2020
Asian,3721,12.24698022,292,16.76234214,15.4,4/28/2020
Asian,3848,12.13803546,308,16.89522765,15.4,4/29/2020
Asian,3988,12,324,17,15.4,4/30/2020
Asian,4103,11.9210878,336,16.96969697,15.4,5/1/2020
Asian,4244,11.8,345,16.8,15.4,5/2/2020
Asian,4320,11.68704686,355,16.96940727,15.4,5/3/2020
Asian,4383,11.6,361,16.9,15.4,5/4/2020
Asian,4519,11.4,371,16.7,15.4,5/5/2020
Asian,4612,11.4,384,16.6,15.4,5/6/2020
Asian,4735,11.3,393,16.4,15.4,5/7/2020
Asian,4826,11.2,401,16.3,15.4,5/8/2020
Asian,4935,11.1,417,16.2,15.4,5/9/2020
Asian,5020,11.1,421,16.3,15.4,5/10/2020
Asian,5091,11.1,425,16.1,15.4,5/11/2020
Asian,5206,11,432,15.9,15.4,5/12/2020
Asian,5339,10.8,437,15.7,15.4,5/13/2020
Asian,5421,10.61214103,452,15.7,15.4,5/14/2020
Black,1030,7.03,61,10.18,6,4/13/2020
Black,1107,6.96,79,11.57,6,4/14/2020
Black,1176,6.91,87,11.43,6,4/15/2020
Black,1244,6.83,103,12.1,6,4/16/2020
Black,1312,6.78,110,11.97,6,4/17/2020
Black,1376,6.76,120,11.94,6,4/18/2020
Black,1414,6.8,125,12.03,6,4/19/2020
Black,1479,6.59,130,11.99,6,4/20/2020
Black,1630,6.89,138,11.79,6,4/21/2020
Black,1682,6.81,149,11.76,6,4/22/2020
Black,1750,6.81,157,11.32,6,4/23/2020
Black,1801,6.71,165,11.26,6,4/24/2020
Black,1839,6.67,170,11.02,6,4/25/2020
Black,1871,6.62,173,11.02,6,4/26/2020
Black,1903,6.55,177,10.65,6,4/27/2020
Black,1977,6.506928216,186,10.67738232,6,4/28/2020
Black,2055,6.482240868,196,10.7515085,6,4/29/2020
Black,2131,6.4,201,10.6,6,4/30/2020
Black,2210,6.421058748,211,10.65656566,6,5/1/2020
Black,2289,6.3,214,10.4,6,5/2/2020
Black,2330,6.303430365,216,10.3250478,6,5/3/2020
Black,2363,6.3,220,10.3,6,5/4/2020
Black,2456,6.2,230,10.3,6,5/5/2020
Black,2527,6.2,238,10.3,6,5/6/2020
Black,2597,6.2,246,10.3,6,5/7/2020
Black,2659,6.2,252,10.3,6,5/8/2020
Black,2741,6.2,264,10.3,6,5/9/2020
Black,2777,6.2,266,10.3,6,5/10/2020
Black,2812,6.1,271,10.3,6,5/11/2020
Black,2869,6.1,280,10.3,6,5/12/2020
Black,2937,6,285,10.2,6,5/13/2020
Black,3026,5.923692814,292,10.1,6,5/14/2020
Other,1269,8.66,9,1.5,0,4/13/2020
Other,1306,8.22,16,2.34,0,4/14/2020
Other,1385,8.14,18,2.37,0,4/15/2020
Other,1414,7.76,18,2.12,0,4/16/2020
Other,1463,7.56,20,2.18,0,4/17/2020
Other,1489,7.32,23,2.29,0,4/18/2020
Other,1555,7.48,20,1.92,0,4/19/2020
Other,1632,7.27,20,1.85,0,4/20/2020
Other,1735,7.34,24,2.05,0,4/21/2020
Other,1698,6.88,23,1.82,0,4/22/2020
Other,1731,6.73,35,2.52,0,4/23/2020
Other,1794,6.69,35,2.39,0,4/24/2020
Other,1824,6.61,40,2.59,0,4/25/2020
Other,1882,6.66,40,2.55,0,4/26/2020
Other,1911,6.58,36,2.17,0,4/27/2020
Other,2033,6.691241813,33,1.894374282,0,4/28/2020
Other,2046,6.453851492,33,1.810202962,0,4/29/2020
Other,2089,6.3,32,1.7,0,4/30/2020
Other,2130,6.188622233,36,1.818181818,0,5/1/2020
Other,2151,6,35,1.7,0,5/2/2020
Other,2186,5.913862136,36,1.7208413,0,5/3/2020
Other,2275,6,36,1.7,0,5/4/2020
Other,2365,6,39,1.8,0,5/5/2020
Other,2375,5.9,41,1.8,0,5/6/2020
Other,2391,5.7,42,1.8,0,5/7/2020
Other,2457,5.7,39,1.6,0,5/8/2020
Other,2485,5.6,36,1.4,0,5/9/2020
Other,2545,5.6,36,1.4,0,5/10/2020
Other,2575,5.6,36,1.4,0,5/11/2020
Other,2636,5.6,42,1.5,0,5/12/2020
Other,2715,5.5,39,1.4,0,5/13/2020
Other,2734,5.352074076,40,1.4,0,5/14/2020
Latino,27943,53,1110,37.1,38.9,5/15/2020
Latino,29208,53.5,1137,37.2,38.9,5/16/2020
Latino,29693,53.4,1173,37.3,38.9,5/17/2020
Latino,30391,53.5,1187,37.4,38.9,5/18/2020
Latino,31432,53.9,1235,37.5,38.9,5/19/2020
Latino,32662,54.4,1271,37.6,38.9,5/20/2020
Latino,33639,54.5,1308,37.8,38.9,5/21/2020
Latino,34809,54.8,1329,37.9,38.9,5/22/2020
Latino,35760,54.9,1357,38,38.9,5/23/2020
Latino,36371,54.8,1367,38,38.9,5/24/2020
Latino,36850,54.6,1373,38.1,38.9,5/25/2020
Latino,37768,54.5,1383,38.1,38.9,5/26/2020
Latino,38929,54.5,1434,38.4,38.9,5/27/2020
Latino,40134,54.6,1465,38.5,38.9,5/28/2020
Latino,41386,54.6,1506,38.7,38.9,5/29/2020
Latino,42897,54.5,1545,39,38.9,5/30/2020
Latino,43392,54.3,1563,39,38.9,5/31/2020
Latino,43951,54.2,1582,39,38.9,6/1/2020
Latino,44975,54.1,1631,39.2,38.9,6/2/2020
Latino,45965,54.2,1665,39.4,38.9,6/3/2020
Latino,47514,54.5,1692,39.4,38.9,6/4/2020
Latino,48779,54.7,1715,39.4,38.9,6/5/2020
Latino,50302,55.1,1747,39.5,38.9,6/6/2020
White,12153,23,1021,34.1,36.6,5/15/2020
White,12452,22.8,1039,34,36.6,5/16/2020
White,12598,22.7,1080,34.3,36.6,5/17/2020
White,12960,22.8,1096,34.5,36.6,5/18/2020
White,13185,22.6,1125,34.2,36.6,5/19/2020
White,13437,22.4,1158,34.3,36.6,5/20/2020
White,13762,22.3,1180,34.1,36.6,5/21/2020
White,14007,22.1,1195,34.1,36.6,5/22/2020
White,14218,21.8,1228,34.4,36.6,5/23/2020
White,14367,21.6,1232,34.3,36.6,5/24/2020
White,14498,21.5,1236,34.3,36.6,5/25/2020
White,14640,21.1,1241,34.2,36.6,5/26/2020
White,14915,20.9,1260,33.8,36.6,5/27/2020
White,15132,20.6,1289,33.8,36.6,5/28/2020
White,15357,20.3,1317,33.8,36.6,5/29/2020
White,15843,20.1,1333,33.6,36.6,5/30/2020
White,15954,20,1344,33.6,36.6,5/31/2020
White,16114,19.9,1369,33.7,36.6,6/1/2020
White,16402,19.7,1395,33.6,36.6,6/2/2020
White,16634,19.6,1416,33.5,36.6,6/3/2020
White,17013,19.5,1432,33.4,36.6,6/4/2020
White,17221,19.3,1457,33.5,36.6,6/5/2020
White,17486,19.1,1475,33.3,36.6,6/6/2020
Asian,5595,10.6,461,15.4,15.4,5/15/2020
Asian,5804,10.6,468,15.3,15.4,5/16/2020
Asian,5952,10.7,472,15,15.4,5/17/2020
Asian,6003,10.6,475,14.9,15.4,5/18/2020
Asian,6119,10.5,496,15.1,15.4,5/19/2020
Asian,6210,10.3,508,15,15.4,5/20/2020
Asian,6344,10.3,514,14.9,15.4,5/21/2020
Asian,6441,10.1,520,14.8,15.4,5/22/2020
Asian,6518,10,528,14.8,15.4,5/23/2020
Asian,6571,9.9,531,14.8,15.4,5/24/2020
Asian,6642,9.8,533,14.8,15.4,5/25/2020
Asian,6716,9.7,539,14.8,15.4,5/26/2020
Asian,6809,9.5,551,14.8,15.4,5/27/2020
Asian,6896,9.4,563,14.8,15.4,5/28/2020
Asian,7090,9.4,577,14.8,15.4,5/29/2020
Asian,7209,9.2,591,14.9,15.4,5/30/2020
Asian,7237,9.1,595,14.9,15.4,5/31/2020
Asian,7291,9,601,14.8,15.4,6/1/2020
Asian,7387,8.9,613,14.7,15.4,6/2/2020
Asian,7471,8.8,619,14.6,15.4,6/3/2020
Asian,7638,8.8,644,15,15.4,6/4/2020
Asian,7723,8.7,652,15,15.4,6/5/2020
Asian,7821,8.6,661,14.9,15.4,6/6/2020
Black,3178,6,304,10.2,6,5/15/2020
Black,3221,5.9,311,10.2,6,5/16/2020
Black,3267,5.9,321,10.2,6,5/17/2020
Black,3334,5.9,323,10.2,6,5/18/2020
Black,3418,5.9,335,10.2,6,5/19/2020
Black,3465,5.8,344,10.2,6,5/20/2020
Black,3533,5.7,353,10.2,6,5/21/2020
Black,3616,5.7,357,10.2,6,5/22/2020
Black,3660,5.6,360,10.1,6,5/23/2020
Black,3699,5.6,362,10.1,6,5/24/2020
Black,3757,5.6,363,10.1,6,5/25/2020
Black,3797,5.5,369,10.2,6,5/26/2020
Black,3863,5.4,377,10.1,6,5/27/2020
Black,3914,5.3,383,10.1,6,5/28/2020
Black,4045,5.3,389,10,6,5/29/2020
Black,4137,5.3,397,10,6,5/30/2020
Black,4172,5.2,399,10,6,5/31/2020
Black,4218,5.2,408,10,6,6/1/2020
Black,4298,5.2,414,10,6,6/2/2020
Black,4378,5.2,424,10,6,6/3/2020
Black,4474,5.1,431,10,6,6/4/2020
Black,4528,5.1,432,9.9,6,6/5/2020
Black,4575,5,439,9.9,6,6/6/2020
Multi-Race,625,0.8,26,0.6,2.2,6/1/2020
Multi-Race,638,0.8,26,0.6,2.2,6/2/2020
Multi-Race,645,0.8,27,0.6,2.2,6/3/2020
Multi-Race,654,0.7,28,0.7,2.2,6/4/2020
Multi-Race,665,0.7,29,0.7,2.2,6/5/2020
Multi-Race,683,0.7,29,0.7,2.2,6/6/2020
Latino,55439,55.8,1888,40.2,38.9,6/10/2020
White,18312,18.4,1553,33.1,36.6,6/10/2020
Asian,8088,8.1,691,14.7,15.4,6/10/2020
Black,4777,4.8,454,9.7,6,6/10/2020
Multi-Race,725,0.7,32,0.7,2.2,6/10/2020
Other,11136,11.2,40,0.9,0,6/10/2020
Latino,52550,55.3,1787,39.7,38.9,6/8/2020
White,17825,18.8,1500,33.3,36.6,6/8/2020
Asian,7939,8.4,675,15,15.4,6/8/2020
Black,4655,4.9,442,9.8,6,6/8/2020
Multi-Race,689,0.7,29,0.6,2.2,6/8/2020
Other,10476,11,37,0.8,0,6/8/2020
Other,2751,5.2,38,1.3,0,5/15/2020
Other,2824,5.2,40,1.3,0,5/16/2020
Other,2902,5.2,36,1.1,0,5/17/2020
Other,2984,5.3,35,1.1,0,5/18/2020
Other,3015,5.2,38,1.2,0,5/19/2020
Other,3070,5.1,36,1.1,0,5/20/2020
Other,3253,5.3,37,1.1,0,5/21/2020
Other,3388,5.3,38,1.1,0,5/22/2020
Other,3780,5.8,35,1,0,5/23/2020
Other,4099,6.2,35,1,0,5/24/2020
Other,4515,6.7,35,1,0,5/25/2020
Other,5026,7.3,35,1,0,5/26/2020
Other,5624,7.9,40,1.1,0,5/27/2020
Other,6057,8.2,39,1,0,5/28/2020
Other,6529,8.6,36,0.9,0,5/29/2020
Other,7163,9.1,32,0.8,0,5/30/2020
Other,7689,9.6,33,0.8,0,5/31/2020
Other,8140,10,30,0.7,0,6/1/2020
Other,8626,10.4,32,0.8,0,6/2/2020
Other,8902,10.5,33,0.8,0,6/3/2020
Other,9086,10.4,33,0.8,0,6/4/2020
Other,9313,10.5,33,0.8,0,6/5/2020
Other,9603,10.5,38,0.9,0,6/6/2020
Latino,51166,55.1,1757,39.5,38.9,6/7/2020
White,17640,19,1481,33.3,36.6,6/7/2020
Asian,7875,8.5,668,15,15.4,6/7/2020
Black,4608,5,442,9.9,6,6/7/2020
Multi-Race,685,0.7,29,0.7,2.2,6/7/2020
Other,9985,10.8,37,0.8,0,6/7/2020
Latino,54151,55.6,1837,39.9,38.9,6/9/2020
White,18064,18.6,1524,33.1,36.6,6/9/2020
Asian,8019,8.2,684,14.9,15.4,6/9/2020
Black,4713,4.8,451,9.8,6,6/9/2020
Multi-Race,706,0.7,31,0.7,2.2,6/9/2020
Other,10784,11.1,39,0.8,0,6/9/2020
Latino,56896,56.2,1912,40.2,38.9,6/11/2020
White,18528,18.3,1582,33.2,36.6,6/11/2020
Asian,8152,8,697,14.6,15.4,6/11/2020
Black,4832,4.8,458,9.6,6,6/11/2020
Multi-Race,744,0.7,33,0.7,2.2,6/11/2020
Other,11229,11.1,39,0.8,0,6/11/2020
Latino,58415,56.3,1941,40.4,38.9,6/12/2020
White,18783,18.1,1594,33.2,36.6,6/12/2020
Asian,8271,8,709,14.8,15.4,6/12/2020
Black,4906,4.7,458,9.5,6,6/12/2020
Multi-Race,775,0.7,33,0.7,2.2,6/12/2020
Other,11654,11.2,34,0.7,0,6/12/2020
Latino,59702,56.4,1985,40.4,38.9,6/13/2020
White,19045,18,1632,33.2,36.6,6/13/2020
Asian,8350,7.9,722,14.7,15.4,6/13/2020
Black,4966,4.7,470,9.6,6,6/13/2020
Multi-Race,789,0.7,35,0.7,2.2,6/13/2020
Other,11981,11.3,35,0.7,0,6/13/2020
Latino,60377,56.3,1992,40.4,38.9,6/14/2020
White,19240,17.9,1639,33.2,36.6,6/14/2020
Asian,8397,7.8,724,14.7,15.4,6/14/2020
Black,4999,4.7,471,9.5,6,6/14/2020
Multi-Race,789,0.7,36,0.7,2.2,6/14/2020
Other,12444,11.6,36,0.7,0,6/14/2020
Latino,61492,56.4,2004,40.4,38.9,6/15/2020
White,19424,17.8,1646,33.2,36.6,6/15/2020
Asian,8448,7.7,726,14.6,15.4,6/15/2020
Black,5043,4.6,474,9.6,6,6/15/2020
Multi-Race,794,0.7,36,0.7,2.2,6/15/2020
Other,12858,11.8,36,0.7,0,6/15/2020
Latino,63202,56.6,2029,40.5,38.9,6/16/2020
White,19766,17.7,1660,33.1,36.6,6/16/2020
Asian,8538,7.6,734,14.6,15.4,6/16/2020
Black,5128,4.6,479,9.6,6,6/16/2020
Multi-Race,803,0.7,36,0.7,2.2,6/16/2020
Other,13325,11.9,40,0.8,0,6/16/2020
Latino,64787,56.6,2057,40.5,38.9,6/17/2020
White,20087,17.6,1687,33.2,36.6,6/17/2020
Asian,8652,7.6,745,14.7,15.4,6/17/2020
Black,5202,4.5,484,9.5,6,6/17/2020
Multi-Race,819,0.7,35,0.7,2.2,6/17/2020
Other,13841,12.1,39,0.8,0,6/17/2020
Latino,66261,56.7,2085,40.4,38.9,6/18/2020
White,20475,17.5,1712,33.1,36.6,6/18/2020
Asian,8749,7.5,758,14.7,15.4,6/18/2020
Black,5296,4.5,491,9.5,6,6/18/2020
Multi-Race,837,0.7,36,0.7,2.2,6/18/2020
Other,14270,12.2,47,0.9,0,6/18/2020
Latino,67818,56.8,2115,40.4,38.9,6/19/2020
White,20780,17.4,1739,33.2,36.6,6/19/2020
Asian,8819,7.4,765,14.6,15.4,6/19/2020
Black,5384,4.5,495,9.5,6,6/19/2020
Multi-Race,865,0.7,36,0.7,2.2,6/19/2020
Other,14722,12.3,45,0.9,0,6/19/2020
Latino,69392,56.8,2170,40.6,38.9,6/20/2020
White,21177,17.3,1779,33.3,36.6,6/20/2020
Asian,8941,7.3,774,14.5,15.4,6/20/2020
Black,5485,4.5,501,9.4,6,6/20/2020
Multi-Race,886,0.7,37,0.7,2.2,6/20/2020
Other,15321,12.5,47,0.9,0,6/20/2020
Latino,70439,56.6,2182,40.7,38.9,6/21/2020
White,21547,17.3,1784,33.3,36.6,6/21/2020
Asian,9010,7.2,774,14.4,15.4,6/21/2020
Black,5573,4.5,502,9.4,6,6/21/2020
Multi-Race,901,0.7,37,0.7,2.2,6/21/2020
Other,15988,12.8,47,0.9,0,6/21/2020
Latino,71350,56.2,2192,40.7,38.9,6/22/2020
White,21885,17.2,1787,33.2,36.6,6/22/2020
Asian,9100,7.2,778,14.4,15.4,6/22/2020
Black,5661,4.5,506,9.4,6,6/22/2020
Multi-Race,908,0.7,37,0.7,2.2,6/22/2020
Other,16987,13.4,47,0.9,0,6/22/2020
Latino,73357,56,2225,41,38.9,6/23/2020
White,22500,17.2,1783,32.8,36.6,6/23/2020
Asian,9259,7.1,785,14.5,15.4,6/23/2020
Black,5845,4.5,511,9.4,6,6/23/2020
Multi-Race,925,0.7,37,0.7,2.2,6/23/2020
Other,17930,13.7,50,0.9,0,6/23/2020
Latino,76036,56.6,2265,41,38.9,6/24/2020
White,22871,17,1807,32.7,36.6,6/24/2020
Asian,9422,7,805,14.6,15.4,6/24/2020
Black,5981,4.5,519,9.4,6,6/24/2020
Multi-Race,935,0.7,38,0.7,2.2,6/24/2020
Other,18038,13.4,51,0.9,0,6/24/2020
Latino,77926,56.7,2309,41.1,38.9,6/25/2020
White,23339,17,1844,32.8,36.6,6/25/2020
Asian,9512,6.9,813,14.5,15.4,6/25/2020
Black,6094,4.4,527,9.4,6,6/25/2020
Multi-Race,952,0.7,37,0.7,2.2,6/25/2020
Other,18362,13.4,52,0.9,0,6/25/2020
Latino,79934,56.8,2336,41,38.9,6/26/2020
White,23899,17,1864,32.8,36.6,6/26/2020
Asian,9647,6.9,823,14.5,15.4,6/26/2020
Black,6215,4.4,534,9.4,6,6/26/2020
Multi-Race,989,0.7,37,0.7,2.2,6/26/2020
Other,18864,13.4,57,1,0,6/26/2020
Latino,80875,56.6,2348,41.1,38.9,6/27/2020
White,24242,17,1868,32.7,36.6,6/27/2020
Asian,9724,6.8,831,14.5,15.4,6/27/2020
Black,6309,4.4,533,9.3,6,6/27/2020
Multi-Race,1019,0.7,34,0.6,2.2,6/27/2020
Other,19484,13.6,57,1,0,6/27/2020
Latino,82378,56.3,2380,41.4,38.9,6/28/2020
White,24775,16.9,1857,32.3,36.6,6/28/2020
Asian,9880,6.7,843,14.7,15.4,6/28/2020
Black,6445,4.4,544,9.5,6,6/28/2020
Multi-Race,1034,0.7,27,0.5,2.2,6/28/2020
Other,20690,14.1,57,1,0,6/28/2020
Latino,83658,55.7,2415,41.6,38.9,6/29/2020
White,25250,16.8,1871,32.2,36.6,6/29/2020
Asian,9976,6.6,848,14.6,15.4,6/29/2020
Black,6557,4.4,551,9.5,6,6/29/2020
Multi-Race,1045,0.7,27,0.5,2.2,6/29/2020
Other,22518,15,54,0.9,0,6/29/2020
Latino,86009,55.5,2456,41.6,38.9,6/30/2020
White,26127,16.9,1902,32.2,36.6,6/30/2020
Asian,10208,6.6,855,14.5,15.4,6/30/2020
Black,6774,4.4,556,9.4,6,6/30/2020
Multi-Race,1069,0.7,27,0.5,2.2,6/30/2020
Other,23472,15.2,64,1.1,0,6/30/2020
Latino,88642,55.6,2500,41.8,38.9,7/1/2020
White,26891,16.9,1923,32.1,36.6,7/1/2020
Asian,10421,6.5,859,14.4,15.4,7/1/2020
Black,6953,4.4,561,9.4,6,7/1/2020
Multi-Race,1112,0.7,28,0.5,2.2,7/1/2020
Other,23996,15.1,67,1.1,0,7/1/2020
Latino,91317,55.7,2546,41.8,38.9,7/2/2020
White,27871,17,1957,32.1,36.6,7/2/2020
Asian,10641,6.5,875,14.3,15.4,7/2/2020
Black,7144,4.4,570,9.3,6,7/2/2020
Multi-Race,1162,0.7,34,0.6,2.2,7/2/2020
Other,24585,15,68,1.1,0,7/2/2020
Latino,93556,55.6,2575,41.9,38.9,7/3/2020
White,28799,17.1,1970,32.1,36.6,7/3/2020
Asian,10826,6.4,879,14.3,15.4,7/3/2020
Black,7310,4.3,572,9.3,6,7/3/2020
Multi-Race,1187,0.7,34,0.6,2.2,7/3/2020
Other,25244,15,68,1.1,0,7/3/2020
Latino,95380,55.5,2588,42,38.9,7/4/2020
White,29598,17.2,1971,32,36.6,7/4/2020
Asian,11013,6.4,880,14.3,15.4,7/4/2020
Black,7432,4.3,572,9.3,6,7/4/2020
Multi-Race,1223,0.7,34,0.6,2.2,7/4/2020
Other,25774,15,70,1.1,0,7/4/2020
Latino,97599,55.1,2625,42.2,38.9,7/5/2020
White,30519,17.2,1992,32,36.6,7/5/2020
Asian,11219,6.3,883,14.2,15.4,7/5/2020
Black,7693,4.3,575,9.2,6,7/5/2020
Multi-Race,1252,0.7,34,0.5,2.2,7/5/2020
Other,27318,15.4,70,1.1,0,7/5/2020
Latino,98954,54.9,2660,42.3,38.9,7/6/2020
White,31221,17.3,2006,31.9,36.6,7/6/2020
Asian,11355,6.3,886,14.1,15.4,7/6/2020
Black,7869,4.4,577,9.2,6,7/6/2020
Multi-Race,1276,0.7,34,0.5,2.2,7/6/2020
Other,28058,15.6,71,1.1,0,7/6/2020
Latino,101464,54.6,2715,42.6,38.9,7/7/2020
White,32447,17.5,2026,31.8,36.6,7/7/2020
Asian,11635,6.3,892,14,15.4,7/7/2020
Black,8125,4.4,582,9.1,6,7/7/2020
Multi-Race,1332,0.7,33,0.5,2.2,7/7/2020
Other,29384,15.8,76,1.2,0,7/7/2020
Latino,104040,54.7,2808,43.1,38.9,7/8/2020
White,33275,17.5,2055,31.5,36.6,7/8/2020
Asian,11815,6.2,903,13.8,15.4,7/8/2020
Black,8336,4.4,593,9.1,6,7/8/2020
Multi-Race,1382,0.7,34,0.5,2.2,7/8/2020
Other,29919,15.7,75,1.2,0,7/8/2020
Latino,106923,54.7,2884,43.3,38.9,7/9/2020
White,34343,17.6,2089,31.4,36.6,7/9/2020
Asian,12032,6.2,912,13.7,15.4,7/9/2020
Black,8560,4.4,601,9,6,7/9/2020
Multi-Race,1429,0.7,36,0.5,2.2,7/9/2020
Other,30648,15.7,82,1.2,0,7/9/2020
Latino,109834,54.8,2941,43.6,38.9,7/10/2020
White,35378,17.6,2103,31.2,36.6,7/10/2020
Asian,12234,6.1,922,13.7,15.4,7/10/2020
Black,8777,4.4,608,9,6,7/10/2020
Multi-Race,1479,0.7,38,0.6,2.2,7/10/2020
Other,31186,15.6,81,1.2,0,7/10/2020
Latino,112854,54.8,3020,43.8,38.9,7/11/2020
White,36481,17.7,2140,31.1,36.6,7/11/2020
Asian,12473,6.1,933,13.5,15.4,7/11/2020
Black,9021,4.4,613,8.9,6,7/11/2020
Multi-Race,1531,0.7,40,0.6,2.2,7/11/2020
Other,32060,15.6,84,1.2,0,7/11/2020
Latino,115828,54.8,3029,43.8,38.9,7/12/2020
White,37400,17.7,2147,31.1,36.6,7/12/2020
Asian,12648,6,934,13.5,15.4,7/12/2020
Black,9196,4.3,615,8.9,6,7/12/2020
Multi-Race,1563,0.7,40,0.6,2.2,7/12/2020
Other,33170,15.7,84,1.2,0,7/12/2020
Latino,118368,54.7,3037,43.9,38.9,7/13/2020
White,38167,17.6,2150,31.1,36.6,7/13/2020
Asian,12866,5.9,936,13.5,15.4,7/13/2020
Black,9389,4.3,616,8.9,6,7/13/2020
Multi-Race,1587,0.7,40,0.6,2.2,7/13/2020
Other,34230,15.8,86,1.2,0,7/13/2020
Latino,122179,54.6,3091,43.9,38.9,7/14/2020
White,39528,17.7,2190,31.1,36.6,7/14/2020
Asian,13167,5.9,949,13.5,15.4,7/14/2020
Black,9697,4.3,621,8.8,6,7/14/2020
Multi-Race,1621,0.7,41,0.6,2.2,7/14/2020
Other,35554,15.9,87,1.2,0,7/14/2020
Latino,125858,54.8,3141,44,38.9,7/15/2020
White,40603,17.7,2217,31.1,36.6,7/15/2020
Asian,13417,5.8,962,13.5,15.4,7/15/2020
Black,9963,4.3,628,8.8,6,7/15/2020
Multi-Race,1679,0.7,41,0.6,2.2,7/15/2020
Other,36108,15.7,91,1.3,0,7/15/2020
Latino,129827,55.1,3204,44.2,38.9,7/16/2020
White,41589,17.7,2235,30.9,36.6,7/16/2020
Asian,13651,5.8,975,13.5,15.4,7/16/2020
Black,10199,4.3,635,8.8,6,7/16/2020
Multi-Race,1735,0.7,42,0.6,2.2,7/16/2020
Other,36602,15.5,90,1.2,0,7/16/2020
Latino,133843,55.4,3283,44.5,38.9,7/17/2020
White,42533,17.6,2269,30.8,36.6,7/17/2020
Asian,13898,5.8,987,13.4,15.4,7/17/2020
Black,10432,4.3,641,8.7,6,7/17/2020
Multi-Race,1790,0.7,41,0.6,2.2,7/17/2020
Other,36909,15.3,91,1.2,0,7/17/2020
Latino,137657,55.6,3359,44.8,38.9,7/18/2020
White,43542,17.6,2298,30.6,36.6,7/18/2020
Asian,14187,5.7,993,13.2,15.4,7/18/2020
Black,10678,4.3,654,8.7,6,7/18/2020
Multi-Race,1842,0.7,41,0.5,2.2,7/18/2020
Other,37417,15.1,91,1.2,0,7/18/2020
Latino,140066,55.7,3373,44.8,38.9,7/19/2020
White,44276,17.6,2308,30.7,36.6,7/19/2020
Asian,14368,5.7,997,13.2,15.4,7/19/2020
Black,10866,4.3,654,8.7,6,7/19/2020
Multi-Race,1887,0.7,41,0.5,2.2,7/19/2020
Other,38119,15.1,91,1.2,0,7/19/2020
Latino,143273,55.6,3386,44.8,38.9,7/20/2020
White,45199,17.5,2318,30.7,36.6,7/20/2020
Asian,14606,5.7,998,13.2,15.4,7/20/2020
Black,11069,4.3,654,8.7,6,7/20/2020
Multi-Race,1916,0.7,41,0.5,2.2,7/20/2020
Other,39369,15.3,92,1.2,0,7/20/2020
Latino,146903,55.6,3455,45,38.9,7/21/2020
White,46562,17.6,2347,30.6,36.6,7/21/2020
Asian,14920,5.6,1008,13.1,15.4,7/21/2020
Black,11396,4.3,660,8.6,6,7/21/2020
Multi-Race,1967,0.7,41,0.5,2.2,7/21/2020
Other,40455,15.3,93,1.2,0,7/21/2020
Latino,150960,55.6,3532,45.2,38.9,7/22/2020
White,47871,17.6,2384,30.5,36.6,7/22/2020
Asian,15253,5.6,1021,13.1,15.4,7/22/2020
Black,11717,4.3,672,8.6,6,7/22/2020
Multi-Race,2014,0.7,42,0.5,2.2,7/22/2020
Other,41644,15.3,97,1.2,0,7/22/2020
Latino,154440,55.6,3605,45.3,38.9,7/23/2020
White,48849,17.6,2418,30.4,36.6,7/23/2020
Asian,15529,5.6,1031,13,15.4,7/23/2020
Black,11969,4.3,681,8.6,6,7/23/2020
Multi-Race,2062,0.7,42,0.5,2.2,7/23/2020
Other,42374,15.3,105,1.3,0,7/23/2020
Latino,158493,55.7,3676,45.5,38.9,7/24/2020
White,50103,17.6,2450,30.3,36.6,7/24/2020
Asian,15810,5.6,1043,12.9,15.4,7/24/2020
Black,12281,4.3,691,8.6,6,7/24/2020
Multi-Race,2131,0.7,39,0.5,2.2,7/24/2020
Latino,205622,58.5,4512,46.8,38.9,8/6/2020
White,60095,17.1,2868,29.8,36.6,8/6/2020
Asian,19017,5.4,1183,12.3,15.4,8/6/2020
Black,14984,4.3,811,8.4,6,8/6/2020
Multi-Race,2914,0.8,54,0.6,2.2,8/6/2020
Other,46295,13.2,125,1.3,0,8/6/2020
Other,43217,15.2,108,1.3,0,7/24/2020
Latino,162991,56.1,3740,45.6,38.9,7/25/2020
White,50967,17.5,2474,30.2,36.6,7/25/2020
Asian,16090,5.5,1056,12.9,15.4,7/25/2020
Black,12503,4.3,697,8.5,6,7/25/2020
Multi-Race,2195,0.8,42,0.5,2.2,7/25/2020
Other,43453,15,112,1.4,0,7/25/2020
Latino,165201,56,3763,45.7,38.9,7/26/2020
White,51728,17.5,2484,30.2,36.6,7/26/2020
Asian,16289,5.5,1058,12.8,15.4,7/26/2020
Black,12741,4.3,701,8.5,6,7/26/2020
Multi-Race,2241,0.8,43,0.5,2.2,7/26/2020
Other,44468,15.1,112,1.4,0,7/26/2020
Latino,167650,56.1,3770,45.6,38.9,7/27/2020
White,52331,17.5,2495,30.2,36.6,7/27/2020
Asian,16449,5.5,1062,12.9,15.4,7/27/2020
Black,12866,4.3,701,8.5,6,7/27/2020
Multi-Race,2259,0.8,43,0.5,2.2,7/27/2020
Other,44931,15,112,1.4,0,7/27/2020
Latino,170398,56.1,3846,45.9,38.9,7/28/2020
White,53194,17.5,2516,30,36.6,7/28/2020
Asian,16699,5.5,1073,12.8,15.4,7/28/2020
Black,13099,4.3,710,8.5,6,7/28/2020
Multi-Race,2305,0.8,46,0.5,2.2,7/28/2020
Other,45580,15,109,1.3,0,7/28/2020
Latino,176527,56.6,3963,46.1,38.9,7/29/2020
White,54219,17.4,2583,30,36.6,7/29/2020
Asian,17049,5.5,1091,12.7,15.4,7/29/2020
Black,13382,4.3,722,8.4,6,7/29/2020
Multi-Race,2399,0.8,46,0.5,2.2,7/29/2020
Other,45709,14.7,115,1.3,0,7/29/2020
Latino,181443,57,4043,46.1,38.9,7/30/2020
White,55238,17.4,2633,30,36.6,7/30/2020
Asian,17323,5.4,1109,12.7,15.4,7/30/2020
Black,13622,4.3,734,8.4,6,7/30/2020
Multi-Race,2544,0.8,49,0.6,2.2,7/30/2020
Other,45547,14.3,118,1.3,0,7/30/2020
Latino,185186,57.4,4115,46.2,38.9,7/31/2020
White,55755,17.3,2667,30,36.6,7/31/2020
Asian,17534,5.4,1124,12.6,15.4,7/31/2020
Black,13795,4.3,745,8.4,6,7/31/2020
Multi-Race,2563,0.8,50,0.6,2.2,7/31/2020
Other,45265,14,121,1.4,0,7/31/2020
Latino,189415,57.7,4189,46.3,38.9,8/1/2020
White,56636,17.2,2713,30,36.6,8/1/2020
Asian,17776,5.4,1132,12.5,15.4,8/1/2020
Black,14024,4.3,756,8.4,6,8/1/2020
Multi-Race,2640,0.8,50,0.6,2.2,8/1/2020
Other,45266,13.8,126,1.4,0,8/1/2020
Latino,191958,57.8,4218,46.3,38.9,8/2/2020
White,57183,17.2,2735,30,36.6,8/2/2020
Asian,17959,5.4,1138,12.5,15.4,8/2/2020
Black,14149,4.3,761,8.3,6,8/2/2020
Multi-Race,2678,0.8,49,0.5,2.2,8/2/2020
Other,45387,13.7,130,1.4,0,8/2/2020
Latino,194440,58,4244,46.3,38.9,8/3/2020
White,57652,17.2,2754,30.1,36.6,8/3/2020
Asian,18092,5.4,1142,12.5,15.4,8/3/2020
Black,14265,4.3,764,8.3,6,8/3/2020
Multi-Race,2708,0.8,49,0.5,2.2,8/3/2020
Other,45494,13.6,124,1.4,0,8/3/2020
Latino,198039,58.2,4362,46.6,38.9,8/4/2020
White,58376,17.2,2803,29.9,36.6,8/4/2020
Asian,18392,5.4,1156,12.3,15.4,8/4/2020
Black,14475,4.3,787,8.4,6,8/4/2020
Multi-Race,2755,0.8,50,0.5,2.2,8/4/2020
Other,45492,13.4,122,1.3,0,8/4/2020
Latino,201559,58.4,4438,46.7,38.9,8/5/2020
White,59102,17.1,2836,29.8,36.6,8/5/2020
Asian,18678,5.4,1171,12.3,15.4,8/5/2020
Black,14691,4.3,797,8.4,6,8/5/2020
Multi-Race,2830,0.8,53,0.6,2.2,8/5/2020
Other,45658,13.2,122,1.3,0,8/5/2020
Latino,209385,58.6,4583,46.8,38.9,8/7/2020
White,60981,17.1,2920,29.8,36.6,8/7/2020
Asian,19325,5.4,1199,12.2,15.4,8/7/2020
Black,15253,4.3,819,8.4,6,8/7/2020
Multi-Race,2979,0.8,55,0.6,2.2,8/7/2020
Other,46748,13.1,129,1.3,0,8/7/2020
Latino,213410,58.7,4692,46.9,38.9,8/8/2020
White,61932,17,2988,29.9,36.6,8/8/2020
Asian,19659,5.4,1226,12.3,15.4,8/8/2020
Black,15502,4.3,830,8.3,6,8/8/2020
Multi-Race,3046,0.8,57,0.6,2.2,8/8/2020
Other,47023,12.9,124,1.2,0,8/8/2020
Latino,216008,58.8,4735,47,38.9,8/9/2020
White,62441,17,3011,29.9,36.6,8/9/2020
Asian,19819,5.4,1231,12.2,15.4,8/9/2020
Black,15622,4.3,835,8.3,6,8/9/2020
Multi-Race,3087,0.8,57,0.6,2.2,8/9/2020
Other,47170,12.8,124,1.2,0,8/9/2020
Latino,218706,58.8,4753,47,38.9,8/10/2020
White,63299,17,3021,29.9,36.6,8/10/2020
Asian,20010,5.4,1233,12.2,15.4,8/10/2020
Black,15831,4.3,837,8.3,6,8/10/2020
Multi-Race,3124,0.8,57,0.6,2.2,8/10/2020
Other,48199,13,124,1.2,0,8/10/2020
Latino,222781,58.8,4845,47,38.9,8/11/2020
White,64551,17,3075,29.9,36.6,8/11/2020
Asian,20399,5.4,1252,12.2,15.4,8/11/2020
Black,16141,4.3,850,8.3,6,8/11/2020
Multi-Race,3198,0.8,60,0.6,2.2,8/11/2020
Other,48781,12.9,130,1.3,0,8/11/2020
Latino,226715,58.9,4935,47.2,38.9,8/12/2020
White,65396,17,3118,29.8,36.6,8/12/2020
Asian,20696,5.4,1269,12.1,15.4,8/12/2020
Black,16390,4.3,857,8.2,6,8/12/2020
Multi-Race,3262,0.8,62,0.6,2.2,8/12/2020
Other,49136,12.8,127,1.2,0,8/12/2020
Latino,230367,58.9,5024,47.3,38.9,8/13/2020
White,66470,17,3160,29.8,36.6,8/13/2020
Asian,21090,5.4,1282,12.1,15.4,8/13/2020
Black,16729,4.3,864,8.1,6,8/13/2020
Multi-Race,3317,0.8,61,0.6,2.2,8/13/2020
Other,50279,12.8,130,1.2,0,8/13/2020
Latino,235700,58.9,5098,47.4,38.9,8/14/2020
White,68063,17,3204,29.8,36.6,8/14/2020
Asian,21537,5.4,1298,12.1,15.4,8/14/2020
Black,17130,4.3,872,8.1,6,8/14/2020
Multi-Race,3397,0.8,63,0.6,2.2,8/14/2020
Other,51334,12.8,136,1.3,0,8/14/2020
Latino,238931,58.9,5148,47.4,38.9,8/15/2020
White,68815,17,3226,29.7,36.6,8/15/2020
Asian,21825,5.4,1305,12,15.4,8/15/2020
Black,17361,4.3,874,8.1,6,8/15/2020
Multi-Race,3471,0.9,66,0.6,2.2,8/15/2020
Other,51760,12.8,139,1.3,0,8/15/2020
Latino,240925,59,5167,47.5,38.9,8/16/2020
White,69364,17,3229,29.7,36.6,8/16/2020
Asian,22008,5.4,1306,12,15.4,8/16/2020
Black,17496,4.3,875,8,6,8/16/2020
Multi-Race,3501,0.9,67,0.6,2.2,8/16/2020
Other,52053,12.7,138,1.3,0,8/16/2020
Latino,242587,59,5186,47.5,38.9,8/17/2020
White,69806,17,3238,29.7,36.6,8/17/2020
Asian,22147,5.4,1311,12,15.4,8/17/2020
Black,17615,4.3,876,8,6,8/17/2020
Multi-Race,3533,0.9,67,0.6,2.2,8/17/2020
Other,52325,12.7,138,1.3,0,8/17/2020
Latino,245505,59,5305,47.6,38.9,8/18/2020
White,70517,17,3316,29.7,36.6,8/18/2020
Asian,22447,5.4,1335,12,15.4,8/18/2020
Black,17812,4.3,892,8,6,8/18/2020
Multi-Race,3592,0.9,69,0.6,2.2,8/18/2020
Other,52602,12.6,137,1.2,0,8/18/2020
Latino,249313,59.2,5386,47.7,38.9,8/19/2020
White,71233,16.9,3356,29.7,36.6,8/19/2020
Asian,22737,5.4,1347,11.9,15.4,8/19/2020
Black,18043,4.3,905,8,6,8/19/2020
Multi-Race,3658,0.9,68,0.6,2.2,8/19/2020
Other,52719,12.5,142,1.3,0,8/19/2020
Latino,253097,59.4,5469,47.9,38.9,8/20/2020
White,71980,16.9,3379,29.6,36.6,8/20/2020
Asian,23023,5.4,1360,11.9,15.4,8/20/2020
Black,18254,4.3,912,8,6,8/20/2020
Multi-Race,3730,0.9,72,0.6,2.2,8/20/2020
Other,52805,12.4,133,1.2,0,8/20/2020
Latino,256677,59.5,5551,48,38.9,8/21/2020
White,72737,16.9,3413,29.5,36.6,8/21/2020
Asian,23299,5.4,1379,11.9,15.4,8/21/2020
Black,18440,4.3,924,8,6,8/21/2020
Multi-Race,3790,0.9,72,0.6,2.2,8/21/2020
Other,53011,12.3,134,1.2,0,8/21/2020
Latino,260163,59.6,5653,48.1,38.9,8/22/2020
White,73561,16.8,3466,29.5,36.6,8/22/2020
Asian,23584,5.4,1394,11.9,15.4,8/22/2020
Black,18651,4.3,935,8,6,8/22/2020
Multi-Race,3843,0.9,74,0.6,2.2,8/22/2020
Other,53280,12.2,139,1.2,0,8/22/2020
Latino,262106,59.5,5666,48.1,38.9,8/23/2020
White,74224,16.9,3470,29.5,36.6,8/23/2020
Asian,23811,5.4,1399,11.9,15.4,8/23/2020
Black,18817,4.3,935,7.9,6,8/23/2020
Multi-Race,3875,0.9,75,0.6,2.2,8/23/2020
Other,53800,12.2,135,1.1,0,8/23/2020
Latino,263688,59.5,5686,48.1,38.9,8/24/2020
White,74797,16.9,3492,29.6,36.6,8/24/2020
Asian,23977,5.4,1402,11.9,15.4,8/24/2020
Black,18956,4.3,935,7.9,6,8/24/2020
Multi-Race,3902,0.9,75,0.6,2.2,8/24/2020
Other,54385,12.3,134,1.1,0,8/24/2020
Latino,266430,59.5,5786,48.2,38.9,8/25/2020
White,75578,16.9,3549,29.6,36.6,8/25/2020
Asian,24252,5.4,1421,11.8,15.4,8/25/2020
Black,19168,4.3,945,7.9,6,8/25/2020
Multi-Race,3949,0.9,76,0.6,2.2,8/25/2020
Other,54653,12.2,134,1.1,0,8/25/2020
Latino,269683,59.7,5866,48.3,38.9,8/26/2020
White,76255,16.9,3591,29.6,36.6,8/26/2020
Asian,24476,5.4,1440,11.9,15.4,8/26/2020
Black,19321,4.3,951,7.8,6,8/26/2020
Multi-Race,4026,0.9,74,0.6,2.2,8/26/2020
Other,54502,12.1,132,1.1,0,8/26/2020
Latino,273132,59.8,5957,48.4,38.9,8/27/2020
White,76976,16.9,3621,29.4,36.6,8/27/2020
Asian,24747,5.4,1462,11.9,15.4,8/27/2020
Black,19495,4.3,956,7.8,6,8/27/2020
Multi-Race,4101,0.9,76,0.6,2.2,8/27/2020
Other,54488,11.9,136,1.1,0,8/27/2020
Latino,276268,59.9,5999,48.4,38.9,8/28/2020
White,77747,16.9,3655,29.5,36.6,8/28/2020
Asian,24997,5.4,1471,11.9,15.4,8/28/2020
Black,19680,4.3,966,7.8,6,8/28/2020
Multi-Race,4171,0.9,76,0.6,2.2,8/28/2020
Other,54595,11.8,139,1.1,0,8/28/2020
Latino,279244,59.9,6076,48.4,38.9,8/29/2020
White,78587,16.9,3702,29.5,36.6,8/29/2020
Asian,25300,5.4,1486,11.8,15.4,8/29/2020
Black,19874,4.3,975,7.8,6,8/29/2020
Multi-Race,4243,0.9,77,0.6,2.2,8/29/2020
Other,54940,11.8,145,1.2,0,8/29/2020
Latino,281216,60,6083,48.4,38.9,8/30/2020
White,79056,16.9,3703,29.5,36.6,8/30/2020
Asian,25464,5.4,1485,11.8,15.4,8/30/2020
Black,19978,4.3,975,7.8,6,8/30/2020
Multi-Race,4315,0.9,77,0.6,2.2,8/30/2020
Other,55062,11.7,146,1.2,0,8/30/2020
Latino,282690,60,6110,48.4,38.9,8/31/2020
White,79526,16.9,3716,29.5,36.6,8/31/2020
Asian,25585,5.4,1488,11.8,15.4,8/31/2020
Black,20098,4.3,979,7.8,6,8/31/2020
Multi-Race,4340,0.9,77,0.6,2.2,8/31/2020
Other,55381,11.7,145,1.1,0,8/31/2020
Latino,284716,60,6206,48.5,38.9,9/1/2020
White,80166,16.9,3773,29.5,36.6,9/1/2020
Asian,25812,5.4,1504,11.8,15.4,9/1/2020
Black,20245,4.3,996,7.8,6,9/1/2020
Multi-Race,4377,0.9,77,0.6,2.2,9/1/2020
Other,55505,11.7,147,1.1,0,9/1/2020
Latino,288009,60.1,6280,48.5,38.9,9/2/2020
White,80882,16.9,3811,29.4,36.6,9/2/2020
Asian,26090,5.4,1528,11.8,15.4,9/2/2020
Black,20440,4.3,1007,7.8,6,9/2/2020
Multi-Race,4463,0.9,82,0.6,2.2,9/2/2020
Other,55371,11.6,151,1.2,0,9/2/2020
Latino,291111,60.2,6353,48.4,38.9,9/3/2020
White,81675,16.9,3862,29.4,36.6,9/3/2020
Asian,26369,5.5,1549,11.8,15.4,9/3/2020
Black,20631,4.3,1019,7.8,6,9/3/2020
Multi-Race,4559,0.9,84,0.6,2.2,9/3/2020
Other,55378,11.5,156,1.2,0,9/3/2020
Latino,294449,60.3,6430,48.4,38.9,9/4/2020
White,82440,16.9,3918,29.5,36.6,9/4/2020
Asian,26634,5.5,1560,11.7,15.4,9/4/2020
Black,20863,4.3,1028,7.7,6,9/4/2020
Multi-Race,4650,1,88,0.7,2.2,9/4/2020
Other,55306,11.3,156,1.2,0,9/4/2020
Latino,297838,60.4,6488,48.4,38.9,9/5/2020
White,83259,16.9,3954,29.5,36.6,9/5/2020
Asian,26887,5.5,1572,11.7,15.4,9/5/2020
Black,21102,4.3,1038,7.7,6,9/5/2020
Multi-Race,4732,1,87,0.6,2.2,9/5/2020
Other,55302,11.2,159,1.2,0,9/5/2020
Latino,299981,60.5,6501,48.5,38.9,9/6/2020
White,83745,16.9,3952,29.5,36.6,9/6/2020
Asian,27060,5.5,1575,11.7,15.4,9/6/2020
Black,21216,4.3,1035,7.7,6,9/6/2020
Multi-Race,4789,1,87,0.6,2.2,9/6/2020
Other,55265,11.1,162,1.2,0,9/6/2020
Latino,301026,60.5,6520,48.4,38.9,9/7/2020
White,84121,16.9,3971,29.5,36.6,9/7/2020
Asian,27177,5.5,1579,11.7,15.4,9/7/2020
Black,21305,4.3,1039,7.7,6,9/7/2020
Multi-Race,4811,1,89,0.7,2.2,9/7/2020
Other,55504,11.1,162,1.2,0,9/7/2020
Latino,303310,60.5,6583,48.5,38.9,9/8/2020
White,84646,16.9,4019,29.6,36.6,9/8/2020
Asian,27335,5.5,1587,11.7,15.4,9/8/2020
Black,21434,4.3,1049,7.7,6,9/8/2020
Multi-Race,4846,1,90,0.7,2.2,9/8/2020
Other,55456,11.1,154,1.1,0,9/8/2020
Latino,305364,60.6,6637,48.5,38.9,9/9/2020
White,85124,16.9,4045,29.5,36.6,9/9/2020
Asian,27534,5.5,1597,11.7,15.4,9/9/2020
Black,21575,4.3,1059,7.7,6,9/9/2020
Multi-Race,4883,1,94,0.7,2.2,9/9/2020
Other,55425,11,159,1.2,0,9/9/2020
Latino,308367,60.7,6686,48.4,38.9,9/10/2020
White,85834,16.9,4088,29.6,36.6,9/10/2020
Asian,27797,5.5,1606,11.6,15.4,9/10/2020
Black,21724,4.3,1068,7.7,6,9/10/2020
Multi-Race,4991,1,96,0.7,2.2,9/10/2020
Other,55289,10.9,160,1.2,0,9/10/2020
Latino,311044,60.7,6761,48.6,38.9,9/11/2020
White,86555,16.9,4136,29.7,36.6,9/11/2020
Asian,28117,5.5,1644,11.8,15.4,9/11/2020
Black,21889,4.3,1072,7.7,6,9/11/2020
Multi-Race,5071,1,97,0.7,2.2,9/11/2020
Other,55335,10.8,116,0.8,0,9/11/2020
Latino,313582,60.8,6824,48.6,38.9,9/12/2020
White,87284,16.9,4165,29.7,36.6,9/12/2020
Asian,28330,5.5,1654,11.8,15.4,9/12/2020
Black,22091,4.3,1092,7.8,6,9/12/2020
Multi-Race,5148,1,98,0.7,2.2,9/12/2020
Other,55387,10.7,110,0.8,0,9/12/2020
Latino,315026,60.8,6824,48.6,38.9,9/13/2020
White,87683,16.9,4164,29.7,36.6,9/13/2020
Asian,28499,5.5,1654,11.8,15.4,9/13/2020
Black,22166,4.3,1091,7.8,6,9/13/2020
Multi-Race,5212,1,98,0.7,2.2,9/13/2020
Other,55521,10.7,110,0.8,0,9/13/2020
Latino,315777,60.8,6850,48.6,38.9,9/14/2020
White,87952,16.9,4182,29.7,36.6,9/14/2020
Asian,28576,5.5,1656,11.8,15.4,9/14/2020
Black,22216,4.3,1090,7.7,6,9/14/2020
Multi-Race,5211,1,99,0.7,2.2,9/14/2020
Other,55690,10.7,110,0.8,0,9/14/2020
Latino,318025,60.8,6939,48.6,38.9,9/15/2020
White,88615,16.9,4243,29.7,36.6,9/15/2020
Asian,28773,5.5,1673,11.7,15.4,9/15/2020
Black,22345,4.3,1101,7.7,6,9/15/2020
Multi-Race,5273,1,98,0.7,2.2,9/15/2020
Other,55644,10.6,110,0.8,0,9/15/2020
Latino,320694,60.9,6967,48.5,38.9,9/16/2020
White,89200,16.9,4281,29.8,36.6,9/16/2020
Asian,28994,5.5,1683,11.7,15.4,9/16/2020
Black,22454,4.3,1113,7.8,6,9/16/2020
Multi-Race,5366,1,98,0.7,2.2,9/16/2020
Other,55465,10.5,112,0.8,0,9/16/2020
Latino,323301,61,7011,48.5,38.9,9/17/2020
White,89819,16.9,4316,29.8,36.6,9/17/2020
Asian,29228,5.5,1700,11.8,15.4,9/17/2020
Black,22592,4.3,1113,7.7,6,9/17/2020
Multi-Race,5434,1,98,0.7,2.2,9/17/2020
Other,55427,10.5,116,0.8,0,9/17/2020
Latino,325950,61,7087,48.6,38.9,9/18/2020
White,90580,17,4338,29.7,36.6,9/18/2020
Asian,29445,5.5,1712,11.7,15.4,9/18/2020
Black,22772,4.3,1122,7.7,6,9/18/2020
Multi-Race,5491,1,101,0.7,2.2,9/18/2020
Other,55502,10.4,115,0.8,0,9/18/2020
Latino,328275,61.1,7120,48.5,38.9,9/19/2020
White,91202,17,4369,29.8,36.6,9/19/2020
Asian,29647,5.5,1717,11.7,15.4,9/19/2020
Black,22921,4.3,1134,7.7,6,9/19/2020
Multi-Race,5547,1,103,0.7,2.2,9/19/2020
Other,55702,10.4,115,0.8,0,9/19/2020
Latino,329643,61.1,7125,48.5,38.9,9/20/2020
White,91656,17,4382,29.8,36.6,9/20/2020
Asian,29790,5.5,1720,11.7,15.4,9/20/2020
Black,23014,4.3,1138,7.7,6,9/20/2020
Multi-Race,5603,1,103,0.7,2.2,9/20/2020
Other,55897,10.4,116,0.8,0,9/20/2020
Latino,330429,61,7136,48.5,38.9,9/21/2020
White,92033,17,4393,29.8,36.6,9/21/2020
Asian,29861,5.5,1724,11.7,15.4,9/21/2020
Black,23073,4.3,1140,7.7,6,9/21/2020
Multi-Race,5613,1,103,0.7,2.2,9/21/2020
Other,56130,10.4,116,0.8,0,9/21/2020
Latino,332405,61,7223,48.5,38.9,9/22/2020
White,92581,17,4440,29.8,36.6,9/22/2020
Asian,30073,5.5,1739,11.7,15.4,9/22/2020
Black,23232,4.3,1151,7.7,6,9/22/2020
Multi-Race,5653,1,105,0.7,2.2,9/22/2020
Other,56189,10.3,119,0.8,0,9/22/2020
Latino,335051,61.1,7282,48.5,38.9,9/23/2020
White,93258,17,4474,29.8,36.6,9/23/2020
Asian,30246,5.5,1752,11.7,15.4,9/23/2020
Black,23355,4.3,1157,7.7,6,9/23/2020
Multi-Race,5713,1,102,0.7,2.2,9/23/2020
Other,56134,10.2,116,0.8,0,9/23/2020
Latino,337558,61.2,7334,48.6,38.9,9/24/2020
White,93926,17,4495,29.8,36.6,9/24/2020
Asian,30456,5.5,1765,11.7,15.4,9/24/2020
Black,23493,4.3,1167,7.7,6,9/24/2020
Multi-Race,5778,1,102,0.7,2.2,9/24/2020
Other,56109,10.2,118,0.8,0,9/24/2020
Latino,339485,61.1,7376,48.5,38.9,9/25/2020
White,94772,17.1,4537,29.8,36.6,9/25/2020
Asian,30654,5.5,1779,11.7,15.4,9/25/2020
Black,23695,4.3,1172,7.7,6,9/25/2020
Multi-Race,5830,1,101,0.7,2.2,9/25/2020
Other,56414,10.2,121,0.8,0,9/25/2020
Latino,341600,61.1,7389,48.4,38.9,9/26/2020
White,95499,17.1,4567,29.9,36.6,9/26/2020
Asian,30841,5.5,1794,11.7,15.4,9/26/2020
Black,23848,4.3,1177,7.7,6,9/26/2020
Multi-Race,5883,1.1,99,0.6,2.2,9/26/2020
Other,56629,10.1,125,0.8,0,9/26/2020
Latino,342756,61.1,7400,48.4,38.9,9/27/2020
White,95894,17.1,4572,29.9,36.6,9/27/2020
Asian,30963,5.5,1795,11.7,15.4,9/27/2020
Black,23911,4.3,1178,7.7,6,9/27/2020
Multi-Race,5941,1.1,99,0.6,2.2,9/27/2020
Other,56725,10.1,125,0.8,0,9/27/2020
Latino,343345,61.1,7404,48.4,38.9,9/28/2020
White,96157,17.1,4577,29.9,36.6,9/28/2020
Asian,31031,5.5,1800,11.8,15.4,9/28/2020
Black,23943,4.3,1178,7.7,6,9/28/2020
Multi-Race,5943,1.1,99,0.6,2.2,9/28/2020
Other,56887,10.1,124,0.8,0,9/28/2020
Latino,344920,61.1,7494,48.3,38.9,9/29/2020
White,96828,17.1,4658,30,36.6,9/29/2020
Asian,31218,5.5,1828,11.8,15.4,9/29/2020
Black,24098,4.3,1186,7.6,6,9/29/2020
Multi-Race,5966,1.1,103,0.7,2.2,9/29/2020
Other,57167,10.1,125,0.8,0,9/29/2020
Latino,347065,61.1,7549,48.4,38.9,9/30/2020
White,97491,17.2,4681,30,36.6,9/30/2020
Asian,31419,5.5,1832,11.7,15.4,9/30/2020
Black,24242,4.3,1192,7.6,6,9/30/2020
Multi-Race,6024,1.1,106,0.7,2.2,9/30/2020
Other,57167,10.1,128,0.8,0,9/30/2020
Latino,348997,61.1,7639,48.4,38.9,10/1/2020
White,98284,17.2,4721,29.9,36.6,10/1/2020
Asian,31626,5.5,1852,11.7,15.4,10/1/2020
Black,24396,4.3,1205,7.6,6,10/1/2020
Multi-Race,6138,1.1,106,0.7,2.2,10/1/2020
Other,57389,10,126,0.8,0,10/1/2020
Latino,350190,61.1,7660,48.5,38.9,10/2/2020
White,98625,17.2,4727,30,36.6,10/2/2020
Asian,31772,5.5,1855,11.8,15.4,10/2/2020
Black,24475,4.3,1201,7.6,6,10/2/2020
Multi-Race,6192,1.1,109,0.7,2.2,10/2/2020
Other,57322,10,106,0.7,0,10/2/2020
Latino,351834,61.1,7697,48.6,38.9,10/3/2020
White,99208,17.2,4738,29.9,36.6,10/3/2020
Asian,31990,5.6,1869,11.8,15.4,10/3/2020
Black,24581,4.3,1213,7.7,6,10/3/2020
Multi-Race,6241,1.1,110,0.7,2.2,10/3/2020
Other,57494,10,92,0.6,0,10/3/2020
Latino,353042,61.1,7708,48.6,38.9,10/4/2020
White,99584,17.2,4746,29.9,36.6,10/4/2020
Asian,32127,5.6,1873,11.8,15.4,10/4/2020
Black,24660,4.3,1213,7.6,6,10/4/2020
Multi-Race,6273,1.1,113,0.7,2.2,10/4/2020
Other,57665,10,89,0.6,0,10/4/2020
Latino,353765,61.1,7725,48.6,38.9,10/5/2020
White,99855,17.2,4753,29.9,36.6,10/5/2020
Asian,32229,5.6,1871,11.8,15.4,10/5/2020
Black,24704,4.3,1214,7.6,6,10/5/2020
Multi-Race,6292,1.1,113,0.7,2.2,10/5/2020
Other,57708,10,91,0.6,0,10/5/2020
Latino,355086,61.1,7778,48.6,38.9,10/6/2020
White,100382,17.3,4786,29.9,36.6,10/6/2020
Asian,32359,5.6,1881,11.8,15.4,10/6/2020
Black,24802,4.3,1217,7.6,6,10/6/2020
Multi-Race,6335,1.1,114,0.7,2.2,10/6/2020
Other,57848,9.9,94,0.6,0,10/6/2020
Latino,357277,61.1,7818,48.6,38.9,10/7/2020
White,100982,17.3,4812,29.9,36.6,10/7/2020
Asian,32533,5.6,1888,11.7,15.4,10/7/2020
Black,24968,4.3,1226,7.6,6,10/7/2020
Multi-Race,6371,1.1,114,0.7,2.2,10/7/2020
Other,58200,9.9,95,0.6,0,10/7/2020
Latino,359286,61.1,7847,48.6,38.9,10/8/2020
White,101705,17.3,4832,29.9,36.6,10/8/2020
Asian,32711,5.6,1900,11.8,15.4,10/8/2020
Black,25068,4.3,1229,7.6,6,10/8/2020
Multi-Race,6423,1.1,115,0.7,2.2,10/8/2020
Other,58360,9.9,99,0.6,0,10/8/2020
Latino,361176,61.1,7884,48.6,38.9,10/9/2020
White,102338,17.3,4866,30,36.6,10/9/2020
Asian,32868,5.6,1903,11.7,15.4,10/9/2020
Black,25191,4.3,1233,7.6,6,10/9/2020
Multi-Race,6460,1.1,116,0.7,2.2,10/9/2020
Other,58545,9.9,101,0.6,0,10/9/2020
Latino,363000,61.1,7911,48.5,38.9,10/10/2020
White,102955,17.3,4900,30,36.6,10/10/2020
Asian,33038,5.6,1907,11.7,15.4,10/10/2020
Black,25312,4.3,1238,7.6,6,10/10/2020
Multi-Race,6513,1.1,117,0.7,2.2,10/10/2020
Other,58729,9.9,105,0.6,0,10/10/2020
Latino,364483,61.1,7916,48.5,38.9,10/11/2020
White,103531,17.3,4903,30.1,36.6,10/11/2020
Asian,33167,5.6,1908,11.7,15.4,10/11/2020
Black,25414,4.3,1237,7.6,6,10/11/2020
Multi-Race,6549,1.1,118,0.7,2.2,10/11/2020
Other,59006,9.9,105,0.6,0,10/11/2020
Latino,365574,61.1,7921,48.5,38.9,10/12/2020
White,103828,17.3,4911,30.1,36.6,10/12/2020
Asian,33260,5.6,1909,11.7,15.4,10/12/2020
Black,25460,4.3,1235,7.6,6,10/12/2020
Multi-Race,6586,1.1,119,0.7,2.2,10/12/2020
Other,59085,9.9,104,0.6,0,10/12/2020
Latino,366314,61.1,7959,48.6,38.9,10/13/2020
White,104140,17.4,4929,30.1,36.6,10/13/2020
Asian,33342,5.6,1914,11.7,15.4,10/13/2020
Black,25515,4.3,1237,7.5,6,10/13/2020
Multi-Race,6604,1.1,122,0.7,2.2,10/13/2020
Other,59198,9.9,101,0.6,0,10/13/2020
Latino,368223,61.1,8012,48.6,38.9,10/14/2020
White,104635,17.4,4950,30,36.6,10/14/2020
Asian,33500,5.6,1929,11.7,15.4,10/14/2020
Black,25604,4.2,1243,7.5,6,10/14/2020
Multi-Race,6665,1.1,122,0.7,2.2,10/14/2020
Other,59191,9.8,96,0.6,0,10/14/2020
Latino,370179,61.1,8054,48.6,38.9,10/15/2020
White,105283,17.4,4979,30.1,36.6,10/15/2020
Asian,33657,5.6,1943,11.7,15.4,10/15/2020
Black,25725,4.2,1247,7.5,6,10/15/2020
Multi-Race,6722,1.1,122,0.7,2.2,10/15/2020
Other,59256,9.8,89,0.5,0,10/15/2020
Latino,372003,61.1,8079,48.6,38.9,10/16/2020
White,105829,17.4,4998,30.1,36.6,10/16/2020
Asian,33798,5.6,1958,11.8,15.4,10/16/2020
Black,25832,4.2,1256,7.6,6,10/16/2020
Multi-Race,6791,1.1,125,0.8,2.2,10/16/2020
Other,59182,9.7,86,0.5,0,10/16/2020
Latino,373742,61.2,8128,48.6,38.9,10/17/2020
White,106404,17.4,5032,30.1,36.6,10/17/2020
Asian,33970,5.6,1963,11.7,15.4,10/17/2020
Black,25928,4.2,1258,7.5,6,10/17/2020
Multi-Race,6846,1.1,128,0.8,2.2,10/17/2020
Other,59251,9.7,88,0.5,0,10/17/2020
Latino,375084,61.1,8139,48.6,38.9,10/18/2020
White,106930,17.4,5034,30.1,36.6,10/18/2020
Asian,34140,5.6,1964,11.7,15.4,10/18/2020
Black,26030,4.2,1258,7.5,6,10/18/2020
Multi-Race,6874,1.1,129,0.8,2.2,10/18/2020
Other,59577,9.7,86,0.5,0,10/18/2020
Latino,376154,61.1,8143,48.6,38.9,10/19/2020
White,107398,17.4,5035,30.1,36.6,10/19/2020
Asian,34246,5.6,1966,11.7,15.4,10/19/2020
Black,26098,4.2,1260,7.5,6,10/19/2020
Multi-Race,6894,1.1,129,0.8,2.2,10/19/2020
Other,59903,9.7,87,0.5,0,10/19/2020
Latino,377694,61,8185,48.6,38.9,10/20/2020
White,108007,17.5,5060,30.1,36.6,10/20/2020
Asian,34451,5.6,1976,11.7,15.4,10/20/2020
Black,26217,4.2,1266,7.5,6,10/20/2020
Multi-Race,6930,1.1,130,0.8,2.2,10/20/2020
Other,60304,9.7,84,0.5,0,10/20/2020
Latino,379617,61.1,8248,48.6,38.9,10/21/2020
White,108632,17.5,5100,30.1,36.6,10/21/2020
Asian,34633,5.6,1998,11.8,15.4,10/21/2020
Black,26305,4.2,1275,7.5,6,10/21/2020
Multi-Race,6992,1.1,132,0.8,2.2,10/21/2020
Other,60364,9.7,82,0.5,0,10/21/2020
Latino,382567,61.1,8277,48.6,38.9,10/22/2020
White,109500,17.5,5123,30.1,36.6,10/22/2020
Asian,34895,5.6,2005,11.8,15.4,10/22/2020
Black,26489,4.2,1277,7.5,6,10/22/2020
Multi-Race,7077,1.1,131,0.8,2.2,10/22/2020
Other,60828,9.7,82,0.5,0,10/22/2020
Latino,385597,61.1,8296,48.6,38.9,10/23/2020
White,110436,17.5,5137,30.1,36.6,10/23/2020
Asian,35143,5.6,2013,11.8,15.4,10/23/2020
Black,26688,4.2,1277,7.5,6,10/23/2020
Multi-Race,7146,1.1,131,0.8,2.2,10/23/2020
Other,61309,9.7,83,0.5,0,10/23/2020
Latino,387923,61.1,8324,48.6,38.9,10/24/2020
White,111182,17.5,5155,30.1,36.6,10/24/2020
Asian,35334,5.6,2017,11.8,15.4,10/24/2020
Black,26820,4.2,1278,7.5,6,10/24/2020
Multi-Race,7205,1.1,134,0.8,2.2,10/24/2020
Other,61630,9.7,83,0.5,0,10/24/2020
Latino,389148,61,8334,48.6,38.9,10/25/2020
White,111681,17.5,5155,30.1,36.6,10/25/2020
Asian,35463,5.6,2019,11.8,15.4,10/25/2020
Black,26898,4.2,1278,7.5,6,10/25/2020
Multi-Race,7254,1.1,134,0.8,2.2,10/25/2020
Other,61789,9.7,83,0.5,0,10/25/2020
Latino,389857,61,8339,48.6,38.9,10/26/2020
White,112132,17.5,5162,30.1,36.6,10/26/2020
Asian,35553,5.6,2020,11.8,15.4,10/26/2020
Black,26973,4.2,1279,7.5,6,10/26/2020
Multi-Race,7261,1.1,134,0.8,2.2,10/26/2020
Other,62209,9.7,86,0.5,0,10/26/2020
Latino,392284,61,8407,48.7,38.9,10/27/2020
White,112941,17.6,5197,30.1,36.6,10/27/2020
Asian,35763,5.6,2028,11.7,15.4,10/27/2020
Black,27109,4.2,1288,7.5,6,10/27/2020
Multi-Race,7309,1.1,138,0.8,2.2,10/27/2020
Other,62397,9.7,83,0.5,0,10/27/2020
Latino,394361,61,8429,48.6,38.9,10/28/2020
White,113682,17.6,5228,30.1,36.6,10/28/2020
Asian,35956,5.6,2036,11.7,15.4,10/28/2020
Black,27247,4.2,1292,7.4,6,10/28/2020
Multi-Race,7342,1.1,139,0.8,2.2,10/28/2020
Other,62615,9.7,88,0.5,0,10/28/2020
Latino,396813,61,8449,48.6,38.9,10/29/2020
White,114492,17.6,5238,30.1,36.6,10/29/2020
Asian,36199,5.6,2045,11.8,15.4,10/29/2020
Black,27387,4.2,1296,7.5,6,10/29/2020
Multi-Race,7426,1.1,139,0.8,2.2,10/29/2020
Other,62737,9.6,88,0.5,0,10/29/2020
Latino,399005,61,8483,48.6,38.9,10/30/2020
White,115529,17.7,5250,30.1,36.6,10/30/2020
Asian,36422,5.6,2049,11.7,15.4,10/30/2020
Black,27564,4.2,1299,7.4,6,10/30/2020
Multi-Race,7467,1.1,139,0.8,2.2,10/30/2020
Other,63179,9.7,87,0.5,0,10/30/2020
Latino,401503,61,8506,48.6,38.9,10/31/2020
White,116385,17.7,5269,30.1,36.6,10/31/2020
Asian,36626,5.6,2060,11.8,15.4,10/31/2020
Black,27719,4.2,1308,7.5,6,10/31/2020
Multi-Race,7562,1.1,142,0.8,2.2,10/31/2020
Other,63328,9.6,74,0.4,0,10/31/2020
Latino,403069,60.9,8514,48.6,38.9,11/1/2020
White,117098,17.7,5274,30.1,36.6,11/1/2020
Asian,36774,5.6,2062,11.8,15.4,11/1/2020
Black,27836,4.2,1309,7.5,6,11/1/2020
Multi-Race,7611,1.2,142,0.8,2.2,11/1/2020
Other,63761,9.6,75,0.4,0,11/1/2020
Latino,404392,60.9,8516,48.6,38.9,11/2/2020
White,117764,17.7,5281,30.1,36.6,11/2/2020
Asian,36930,5.6,2063,11.8,15.4,11/2/2020
Black,27951,4.2,1309,7.5,6,11/2/2020
Multi-Race,7650,1.2,142,0.8,2.2,11/2/2020
Other,64271,9.7,75,0.4,0,11/2/2020
Latino,407046,60.9,8547,48.5,38.9,11/3/2020
White,118777,17.8,5313,30.2,36.6,11/3/2020
Asian,37185,5.6,2071,11.8,15.4,11/3/2020
Black,28099,4.2,1316,7.5,6,11/3/2020
Multi-Race,7765,1.2,143,0.8,2.2,11/3/2020
Other,64357,9.6,77,0.4,0,11/3/2020
Latino,408768,60.9,8573,48.5,38.9,11/4/2020
White,119441,17.8,5330,30.2,36.6,11/4/2020
Asian,37359,5.6,2081,11.8,15.4,11/4/2020
Black,28193,4.2,1318,7.5,6,11/4/2020
Multi-Race,7789,1.2,144,0.8,2.2,11/4/2020
Other,64695,9.6,79,0.4,0,11/4/2020
Latino,411702,60.8,8610,48.5,38.9,11/5/2020
White,120812,17.8,5347,30.1,36.6,11/5/2020
Asian,37716,5.6,2089,11.8,15.4,11/5/2020
Black,28446,4.2,1320,7.4,6,11/5/2020
Multi-Race,7890,1.2,145,0.8,2.2,11/5/2020
Other,65320,9.6,82,0.5,0,11/5/2020
Latino,414646,60.7,8629,48.5,38.9,11/6/2020
White,122004,17.9,5366,30.2,36.6,11/6/2020
Asian,37980,5.6,2092,11.8,15.4,11/6/2020
Black,28651,4.2,1321,7.4,6,11/6/2020
Multi-Race,7984,1.2,146,0.8,2.2,11/6/2020
Other,65757,9.6,80,0.5,0,11/6/2020
Latino,418220,60.7,8662,48.5,38.9,11/7/2020
White,123476,17.9,5395,30.2,36.6,11/7/2020
Asian,38384,5.6,2095,11.7,15.4,11/7/2020
Black,28920,4.2,1325,7.4,6,11/7/2020
Multi-Race,8172,1.2,148,0.8,2.2,11/7/2020
Other,66179,9.6,82,0.5,0,11/7/2020
Latino,420293,60.6,8664,48.5,38.9,11/8/2020
White,124583,18,5395,30.2,36.6,11/8/2020
Asian,38622,5.6,2096,11.7,15.4,11/8/2020
Black,29117,4.2,1326,7.4,6,11/8/2020
Multi-Race,8198,1.2,148,0.8,2.2,11/8/2020
Other,66965,9.7,82,0.5,0,11/8/2020
Latino,422108,60.6,8667,48.5,38.9,11/9/2020
White,125417,18,5396,30.2,36.6,11/9/2020
Asian,38819,5.6,2096,11.7,15.4,11/9/2020
Black,29264,4.2,1327,7.4,6,11/9/2020
Multi-Race,8251,1.2,148,0.8,2.2,11/9/2020
Other,67505,9.7,82,0.5,0,11/9/2020
Latino,424660,60.5,8706,48.5,38.9,11/10/2020
White,126715,18,5422,30.2,36.6,11/10/2020
Asian,39196,5.6,2100,11.7,15.4,11/10/2020
Black,29482,4.2,1331,7.4,6,11/10/2020
Multi-Race,8345,1.2,149,0.8,2.2,11/10/2020
Other,67963,9.7,82,0.5,0,11/10/2020
Latino,428032,60.4,8731,48.6,38.9,11/11/2020
White,128285,18.1,5432,30.2,36.6,11/11/2020
Asian,39568,5.6,2107,11.7,15.4,11/11/2020
Black,29757,4.2,1332,7.4,6,11/11/2020
Multi-Race,8473,1.2,151,0.8,2.2,11/11/2020
Other,68785,9.7,81,0.5,0,11/11/2020
Latino,431342,60.3,8747,48.6,38.9,11/12/2020
White,129660,18.1,5438,30.2,36.6,11/12/2020
Asian,39926,5.6,2109,11.7,15.4,11/12/2020
Black,29986,4.2,1331,7.4,6,11/12/2020
Multi-Race,8589,1.2,153,0.8,2.2,11/12/2020
Other,69433,9.7,82,0.5,0,11/12/2020
Latino,434590,60.2,8779,48.6,38.9,11/13/2020
White,131364,18.2,5467,30.2,36.6,11/13/2020
Asian,40403,5.6,2114,11.7,15.4,11/13/2020
Black,30234,4.2,1336,7.4,6,11/13/2020
Multi-Race,8665,1.2,153,0.8,2.2,11/13/2020
Other,70166,9.7,82,0.5,0,11/13/2020
Latino,439199,60.2,8807,48.5,38.9,11/14/2020
White,133343,18.3,5490,30.3,36.6,11/14/2020
Asian,40873,5.6,2119,11.7,15.4,11/14/2020
Black,30571,4.2,1341,7.4,6,11/14/2020
Multi-Race,8786,1.2,153,0.8,2.2,11/14/2020
Other,71047,9.7,85,0.5,0,11/14/2020
Latino,442903,60.1,8814,48.5,38.9,11/15/2020
White,135103,18.3,5496,30.3,36.6,11/15/2020
Asian,41332,5.6,2121,11.7,15.4,11/15/2020
Black,30873,4.2,1343,7.4,6,11/15/2020
Multi-Race,8907,1.2,153,0.8,2.2,11/15/2020
Other,72045,9.8,85,0.5,0,11/15/2020
Latino,446310,60,8823,48.5,38.9,11/16/2020
White,136493,18.4,5504,30.3,36.6,11/16/2020
Asian,41735,5.6,2125,11.7,15.4,11/16/2020
Black,31109,4.2,1344,7.4,6,11/16/2020
Multi-Race,9004,1.2,153,0.8,2.2,11/16/2020
Other,72968,9.8,83,0.5,0,11/16/2020
Latino,449863,59.9,8856,48.5,38.9,11/17/2020
White,138308,18.4,5516,30.2,36.6,11/17/2020
Asian,42236,5.6,2136,11.7,15.4,11/17/2020
Black,31431,4.2,1346,7.4,6,11/17/2020
Multi-Race,9089,1.2,154,0.8,2.2,11/17/2020
Other,73833,9.8,86,0.5,0,11/17/2020
Latino,455005,59.9,8900,48.5,38.9,11/18/2020
White,140379,18.5,5552,30.3,36.6,11/18/2020
Asian,42840,5.6,2146,11.7,15.4,11/18/2020
Black,31789,4.2,1352,7.4,6,11/18/2020
Multi-Race,9290,1.2,156,0.9,2.2,11/18/2020
Other,74457,9.8,88,0.5,0,11/18/2020
Latino,460934,59.8,8953,48.6,38.9,11/19/2020
White,142784,18.5,5570,30.2,36.6,11/19/2020
Asian,43512,5.6,2161,11.7,15.4,11/19/2020
Black,32198,4.2,1355,7.4,6,11/19/2020
Multi-Race,9476,1.2,156,0.8,2.2,11/19/2020
Other,75362,9.8,88,0.5,0,11/19/2020
Latino,466565,59.7,8988,48.5,38.9,11/20/2020
White,145341,18.6,5596,30.2,36.6,11/20/2020
Asian,44146,5.7,2172,11.7,15.4,11/20/2020
Black,32567,4.2,1363,7.4,6,11/20/2020
Multi-Race,9676,1.2,158,0.9,2.2,11/20/2020
Other,76408,9.8,89,0.5,0,11/20/2020
Latino,472384,59.7,9022,48.5,38.9,11/21/2020
White,147872,18.7,5617,30.2,36.6,11/21/2020
Asian,44714,5.6,2178,11.7,15.4,11/21/2020
Black,32998,4.2,1369,7.4,6,11/21/2020
Multi-Race,9889,1.2,157,0.8,2.2,11/21/2020
Other,77420,9.8,91,0.5,0,11/21/2020
Latino,476072,59.6,9036,48.5,38.9,11/22/2020
White,149479,18.7,5630,30.2,36.6,11/22/2020
Asian,45154,5.7,2183,11.7,15.4,11/22/2020
Black,33234,4.2,1370,7.4,6,11/22/2020
Multi-Race,10047,1.3,157,0.8,2.2,11/22/2020
Other,78041,9.8,92,0.5,0,11/22/2020
Latino,481902,59.5,9045,48.6,38.9,11/23/2020
White,151887,18.8,5633,30.2,36.6,11/23/2020
Asian,45823,5.7,2178,11.7,15.4,11/23/2020
Black,33578,4.1,1371,7.4,6,11/23/2020
Multi-Race,10124,1.3,156,0.8,2.2,11/23/2020
Other,79545,9.8,92,0.5,0,11/23/2020
Latino,488220,59.3,9112,48.6,38.9,11/24/2020
White,155546,18.9,5683,30.3,36.6,11/24/2020
Asian,46747,5.7,2194,11.7,15.4,11/24/2020
Black,34175,4.1,1373,7.3,6,11/24/2020
Multi-Race,10321,1.3,158,0.8,2.2,11/24/2020
Other,81788,9.9,91,0.5,0,11/24/2020
Latino,493055,59.1,9154,48.5,38.9,11/25/2020
White,158247,19,5722,30.3,36.6,11/25/2020
Asian,47429,5.7,2204,11.7,15.4,11/25/2020
Black,34556,4.1,1380,7.3,6,11/25/2020
Multi-Race,10520,1.3,159,0.8,2.2,11/25/2020
Other,83259,10,92,0.5,0,11/25/2020
Latino,498144,59,9196,48.5,38.9,11/26/2020
White,160875,19.1,5747,30.3,36.6,11/26/2020
Asian,48171,5.7,2216,11.7,15.4,11/26/2020
Black,34926,4.1,1380,7.3,6,11/26/2020
Multi-Race,10784,1.3,159,0.8,2.2,11/26/2020
Other,84362,10,93,0.5,0,11/26/2020
Latino,503566,59,9214,48.5,38.9,11/27/2020
White,162997,19.1,5758,30.3,36.6,11/27/2020
Asian,48820,5.7,2219,11.7,15.4,11/27/2020
Black,35284,4.1,1385,7.3,6,11/27/2020
Multi-Race,11027,1.3,162,0.9,2.2,11/27/2020
Other,85189,10,94,0.5,0,11/27/2020
Latino,508059,58.8,9227,48.5,38.9,11/28/2020
White,165513,19.2,5768,30.3,36.6,11/28/2020
Asian,49501,5.7,2223,11.7,15.4,11/28/2020
Black,35650,4.1,1388,7.3,6,11/28/2020
Multi-Race,11107,1.3,162,0.9,2.2,11/28/2020
Other,86749,10,94,0.5,0,11/28/2020
Latino,512887,58.7,9233,48.5,38.9,11/29/2020
White,167813,19.2,5781,30.4,36.6,11/29/2020
Asian,50225,5.7,2228,11.7,15.4,11/29/2020
Black,36052,4.1,1391,7.3,6,11/29/2020
Multi-Race,11263,1.3,163,0.9,2.2,11/29/2020
Other,88133,10.1,94,0.5,0,11/29/2020
Latino,518419,58.7,9245,48.5,38.9,11/30/2020
White,169865,19.2,5794,30.4,36.6,11/30/2020
Asian,50921,5.8,2234,11.7,15.4,11/30/2020
Black,36410,4.1,1391,7.3,6,11/30/2020
Multi-Race,11425,1.3,163,0.9,2.2,11/30/2020
Other,89217,10.1,92,0.5,0,11/30/2020
Latino,525780,58.5,9299,48.5,38.9,12/1/2020
White,173320,19.3,5825,30.4,36.6,12/1/2020
Asian,51970,5.8,2248,11.7,15.4,12/1/2020
Black,37012,4.1,1400,7.3,6,12/1/2020
Multi-Race,11590,1.3,163,0.8,2.2,12/1/2020
Other,91137,10.1,96,0.5,0,12/1/2020
Latino,533533,58.5,9342,48.4,38.9,12/2/2020
White,176596,19.4,5875,30.4,36.6,12/2/2020
Asian,53015,5.8,2256,11.7,15.4,12/2/2020
Black,37497,4.1,1406,7.3,6,12/2/2020
Multi-Race,11908,1.3,164,0.8,2.2,12/2/2020
Other,92346,10.1,99,0.5,0,12/2/2020
Latino,542513,58.4,9427,48.4,38.9,12/3/2020
White,180362,19.4,5941,30.5,36.6,12/3/2020
Asian,54173,5.8,2265,11.6,15.4,12/3/2020
Black,38137,4.1,1414,7.3,6,12/3/2020
Multi-Race,12235,1.3,169,0.9,2.2,12/3/2020
Other,93935,10.1,103,0.5,0,12/3/2020
Latino,552198,58.3,9485,48.4,38.9,12/4/2020
White,184339,19.4,5979,30.5,36.6,12/4/2020
Asian,55364,5.8,2279,11.6,15.4,12/4/2020
Black,38841,4.1,1418,7.2,6,12/4/2020
Multi-Race,12420,1.3,170,0.9,2.2,12/4/2020
Other,96612,10.2,109,0.6,0,12/4/2020
Latino,562444,58.1,9515,48.3,38.9,12/5/2020
White,189230,19.5,6022,30.6,36.6,12/5/2020
Asian,56678,5.9,2291,11.6,15.4,12/5/2020
Black,39711,4.1,1431,7.3,6,12/5/2020
Multi-Race,12698,1.3,174,0.9,2.2,12/5/2020
Other,99524,10.3,114,0.6,0,12/5/2020
Latino,571948,57.9,9511,48,38.9,12/6/2020
White,193905,19.6,6082,30.7,36.6,12/6/2020
Asian,58023,5.9,2302,11.6,15.4,12/6/2020
Black,40411,4.1,1438,7.3,6,12/6/2020
Multi-Race,13152,1.3,176,0.9,2.2,12/6/2020
Other,102256,10.3,134,0.7,0,12/6/2020
Latino,580803,57.8,9536,48,38.9,12/7/2020
White,197253,19.6,6101,30.7,36.6,12/7/2020
Asian,59071,5.9,2316,11.7,15.4,12/7/2020
Black,40985,4.1,1438,7.2,6,12/7/2020
Multi-Race,13314,1.3,176,0.9,2.2,12/7/2020
Other,104716,10.4,133,0.7,0,12/7/2020
Latino,590747,57.6,9608,47.9,38.9,12/8/2020
White,201864,19.7,6178,30.8,36.6,12/8/2020
Asian,60350,5.9,2340,11.7,15.4,12/8/2020
Black,41860,4.1,1449,7.2,6,12/8/2020
Multi-Race,13480,1.3,180,0.9,2.2,12/8/2020
Other,107849,10.5,140,0.7,0,12/8/2020
Latino,601346,57.7,9681,47.9,38.9,12/9/2020
White,204926,19.6,6227,30.8,36.6,12/9/2020
Asian,61588,5.9,2361,11.7,15.4,12/9/2020
Black,42484,4.1,1456,7.2,6,12/9/2020
Multi-Race,13683,1.3,181,0.9,2.2,12/9/2020
Other,110163,10.6,148,0.7,0,12/9/2020
Latino,616364,57.5,9749,47.7,38.9,12/10/2020
White,211309,19.7,6319,30.9,36.6,12/10/2020
Asian,63442,5.9,2385,11.7,15.4,12/10/2020
Black,43548,4.1,1470,7.2,6,12/10/2020
Multi-Race,14163,1.3,186,0.9,2.2,12/10/2020
Other,113412,10.6,148,0.7,0,12/10/2020
Latino,630931,57.4,9834,47.8,38.9,12/11/2020
White,216622,19.7,6376,31,36.6,12/11/2020
Asian,65335,5.9,2399,11.6,15.4,12/11/2020
Black,44601,4.1,1481,7.2,6,12/11/2020
Multi-Race,14538,1.3,185,0.9,2.2,12/11/2020
Other,117036,10.7,150,0.7,0,12/11/2020
Latino,643448,57.3,9918,47.8,38.9,12/12/2020
White,221403,19.7,6424,30.9,36.6,12/12/2020
Asian,66913,6,2419,11.7,15.4,12/12/2020
Black,45522,4.1,1490,7.2,6,12/12/2020
Multi-Race,14861,1.3,189,0.9,2.2,12/12/2020
Other,120491,10.7,153,0.7,0,12/12/2020
Latino,652879,57.2,9952,47.7,38.9,12/13/2020
White,225498,19.8,6461,31,36.6,12/13/2020
Asian,68347,6,2425,11.6,15.4,12/13/2020
Black,46303,4.1,1491,7.2,6,12/13/2020
Multi-Race,15170,1.3,191,0.9,2.2,12/13/2020
Other,123383,10.8,158,0.8,0,12/13/2020
Latino,660653,56.9,9997,47.8,38.9,12/14/2020
White,230243,19.8,6480,31,36.6,12/14/2020
Asian,69821,6,2435,11.6,15.4,12/14/2020
Black,47119,4.1,1500,7.2,6,12/14/2020
Multi-Race,15268,1.3,192,0.9,2.2,12/14/2020
Other,127301,11,160,0.8,0,12/14/2020
Latino,678937,56.8,10090,47.7,38.9,12/15/2020
White,237659,19.9,6547,31,36.6,12/15/2020
Asian,72150,6,2464,11.7,15.4,12/15/2020
Black,48540,4.1,1510,7.1,6,12/15/2020
Multi-Race,15491,1.3,198,0.9,2.2,12/15/2020
Other,133082,11.1,164,0.8,0,12/15/2020
Latino,704045,56.9,10309,47.9,38.9,12/16/2020
White,244082,19.7,6643,30.9,36.6,12/16/2020
Asian,74956,6.1,2495,11.6,15.4,12/16/2020
Black,50060,4,1534,7.1,6,12/16/2020
Multi-Race,15759,1.3,198,0.9,2.2,12/16/2020
Other,137775,11.1,153,0.7,0,12/16/2020
Latino,718812,56.8,10454,47.9,38.9,12/17/2020
White,249993,19.8,6782,31.1,36.6,12/17/2020
Asian,76965,6.1,2523,11.6,15.4,12/17/2020
Black,51142,4,1551,7.1,6,12/17/2020
Multi-Race,16078,1.3,204,0.9,2.2,12/17/2020
Other,141685,11.2,144,0.7,0,12/17/2020
Latino,733236,56.6,10563,47.8,38.9,12/18/2020
White,256610,19.8,6873,31.1,36.6,12/18/2020
Asian,79185,6.1,2545,11.5,15.4,12/18/2020
Black,52329,4,1563,7.1,6,12/18/2020
Multi-Race,16646,1.3,206,0.9,2.2,12/18/2020
Other,146491,11.3,149,0.7,0,12/18/2020
Latino,749406,56.5,10631,47.7,38.9,12/19/2020
White,263503,19.9,6942,31.1,36.6,12/19/2020
Asian,81287,6.1,2580,11.6,15.4,12/19/2020
Black,53554,4,1577,7.1,6,12/19/2020
Multi-Race,17030,1.3,209,0.9,2.2,12/19/2020
Other,151064,11.4,166,0.7,0,12/19/2020
Latino,762170,56.2,10680,47.6,38.9,12/20/2020
White,270068,19.9,7001,31.2,36.6,12/20/2020
Asian,83319,6.1,2597,11.6,15.4,12/20/2020
Black,54750,4,1584,7.1,6,12/20/2020
Multi-Race,17562,1.3,209,0.9,2.2,12/20/2020
Other,155927,11.5,171,0.8,0,12/20/2020
Latino,776907,56.2,10721,47.6,38.9,12/21/2020
White,275360,19.9,7041,31.2,36.6,12/21/2020
Asian,85081,6.2,2601,11.5,15.4,12/21/2020
Black,55921,4,1593,7.1,6,12/21/2020
Multi-Race,17815,1.3,211,0.9,2.2,12/21/2020
Other,159422,11.5,178,0.8,0,12/21/2020
Latino,789553,56.1,10887,47.7,38.9,12/22/2020
White,281095,20,7133,31.2,36.6,12/22/2020
Asian,87036,6.2,2624,11.5,15.4,12/22/2020
Black,56998,4,1604,7,6,12/22/2020
Multi-Race,17997,1.3,218,1,2.2,12/22/2020
Other,163422,11.6,179,0.8,0,12/22/2020
Latino,789553,56.1,10887,47.7,38.9,12/23/2020
White,281095,20,7133,31.2,36.6,12/23/2020
Asian,87036,6.2,2624,11.5,15.4,12/23/2020
Black,56998,4,1604,7,6,12/23/2020
Multi-Race,17997,1.3,218,1,2.2,12/23/2020
Other,163422,11.6,179,0.8,0,12/23/2020
Latino,818803,55.9,11132,47.5,38.9,12/24/2020
White,292850,20,7351,31.4,36.6,12/24/2020
Asian,90995,6.2,2690,11.5,15.4,12/24/2020
Black,59207,4,1637,7,6,12/24/2020
Multi-Race,18900,1.3,233,1,2.2,12/24/2020
Other,171556,11.7,194,0.8,0,12/24/2020
Latino,829409,55.8,11194,47.4,38.9,12/25/2020
White,298104,20,7413,31.4,36.6,12/25/2020
Asian,92612,6.2,2711,11.5,15.4,12/25/2020
Black,59947,4,1645,7,6,12/25/2020
Multi-Race,19376,1.3,237,1,2.2,12/25/2020
Other,174722,11.7,203,0.9,0,12/25/2020
Latino,850387,55.8,11274,47.3,38.9,12/26/2020
White,304451,20,7482,31.4,36.6,12/26/2020
Asian,95039,6.2,2745,11.5,15.4,12/26/2020
Black,61566,4,1658,7,6,12/26/2020
Multi-Race,19678,1.3,243,1,2.2,12/26/2020
Other,180434,11.8,210,0.9,0,12/26/2020
Latino,863013,55.7,11325,47.4,38.9,12/27/2020
White,309333,20,7497,31.4,36.6,12/27/2020
Asian,96779,6.2,2758,11.5,15.4,12/27/2020
Black,62591,4,1662,7,6,12/27/2020
Multi-Race,19861,1.3,244,1,2.2,12/27/2020
Other,184523,11.9,204,0.9,0,12/27/2020
Latino,875282,55.6,11381,47.4,38.9,12/28/2020
White,314179,20,7525,31.3,36.6,12/28/2020
Asian,98692,6.3,2770,11.5,15.4,12/28/2020
Black,63619,4,1668,6.9,6,12/28/2020
Multi-Race,20140,1.3,248,1,2.2,12/28/2020
Other,188502,12,205,0.9,0,12/28/2020
Latino,887580,55.6,11575,47.4,38.9,12/29/2020
White,319136,20,7679,31.4,36.6,12/29/2020
Asian,100569,6.3,2818,11.5,15.4,12/29/2020
Black,64518,4,1697,6.9,6,12/29/2020
Multi-Race,20372,1.3,252,1,2.2,12/29/2020
Other,191572,12,210,0.9,0,12/29/2020
Latino,887580,55.6,11575,47.4,38.9,12/30/2020
White,319136,20,7679,31.4,36.6,12/30/2020
Asian,100569,6.3,2818,11.5,15.4,12/30/2020
Black,64518,4,1697,6.9,6,12/30/2020
Multi-Race,20372,1.3,252,1,2.2,12/30/2020
Other,191572,12,210,0.9,0,12/30/2020
Latino,916049,55.4,12009,47.2,38.9,12/31/2020
White,330626,20,8008,31.5,36.6,12/31/2020
Asian,104690,6.3,2949,11.6,15.4,12/31/2020
Black,66557,4,1759,6.9,6,12/31/2020
Multi-Race,21389,1.3,268,1.1,2.2,12/31/2020
Other,198372,12,237,0.9,0,12/31/2020
Latino,934959,55.3,12181,47.1,38.9,1/1/2021
White,338842,20,8136,31.5,36.6,1/1/2021
Asian,107465,6.4,3003,11.6,15.4,1/1/2021
Black,67996,4,1781,6.9,6,1/1/2021
Multi-Race,21985,1.3,273,1.1,2.2,1/1/2021
Other,204513,12.1,258,1,0,1/1/2021
Latino,951899,55.2,12282,47.1,38.9,1/2/2021
White,345442,20,8211,31.5,36.6,1/2/2021
Asian,109724,6.4,3031,11.6,15.4,1/2/2021
Black,69353,4,1801,6.9,6,1/2/2021
Multi-Race,22331,1.3,281,1.1,2.2,1/2/2021
Other,209350,12.1,267,1,0,1/2/2021
Latino,966661,55.3,12314,47.1,38.9,1/3/2021
White,350048,20,8230,31.5,36.6,1/3/2021
Asian,111456,6.4,3043,11.6,15.4,1/3/2021
Black,70441,4,1804,6.9,6,1/3/2021
Multi-Race,22511,1.3,282,1.1,2.2,1/3/2021
Other,212926,12.2,267,1,0,1/3/2021
Latino,979315,55.2,12422,47.1,38.9,1/4/2021
White,355808,20,8309,31.5,36.6,1/4/2021
Asian,113487,6.4,3056,11.6,15.4,1/4/2021
Black,71566,4,1816,6.9,6,1/4/2021
Multi-Race,22949,1.3,283,1.1,2.2,1/4/2021
Other,216946,12.2,278,1.1,0,1/4/2021
Latino,990854,55.1,12583,47,38.9,1/5/2021
White,360022,20,8441,31.5,36.6,1/5/2021
Asian,114864,6.4,3109,11.6,15.4,1/5/2021
Black,72361,4,1833,6.8,6,1/5/2021
Multi-Race,23026,1.3,286,1.1,2.2,1/5/2021
Other,220043,12.2,298,1.1,0,1/5/2021
Latino,1007959,55.1,12827,47,38.9,1/6/2021
White,366351,20,8619,31.6,36.6,1/6/2021
Asian,117227,6.4,3171,11.6,15.4,1/6/2021
Black,73573,4,1853,6.8,6,1/6/2021
Multi-Race,23457,1.3,291,1.1,2.2,1/6/2021
Other,224198,12.3,316,1.2,0,1/6/2021
Latino,1031277,55.1,13040,46.9,38.9,1/7/2021
White,374526,20,8791,31.6,36.6,1/7/2021
Asian,120172,6.4,3227,11.6,15.4,1/7/2021
Black,75064,4,1872,6.7,6,1/7/2021
Multi-Race,24109,1.3,297,1.1,2.2,1/7/2021
Other,230717,12.3,338,1.2,0,1/7/2021
Latino,1054317,55,13300,46.8,38.9,1/8/2021
White,383641,20,8976,31.6,36.6,1/8/2021
Asian,123544,6.4,3286,11.6,15.4,1/8/2021
Black,76770,4,1911,6.7,6,1/8/2021
Multi-Race,24794,1.3,307,1.1,2.2,1/8/2021
Other,237816,12.4,359,1.3,0,1/8/2021
Latino,1078116,55,13484,46.7,38.9,1/9/2021
White,391396,20,9133,31.7,36.6,1/9/2021
Asian,126414,6.4,3349,11.6,15.4,1/9/2021
Black,78392,4,1934,6.7,6,1/9/2021
Multi-Race,25284,1.3,317,1.1,2.2,1/9/2021
Other,244040,12.4,373,1.3,0,1/9/2021
Latino,1098158,55,13627,46.6,38.9,1/10/2021
White,397915,19.9,9243,31.6,36.6,1/10/2021
Asian,128784,6.5,3404,11.6,15.4,1/10/2021
Black,79786,4,1955,6.7,6,1/10/2021
Multi-Race,25749,1.3,329,1.1,2.2,1/10/2021
Other,248502,12.4,403,1.4,0,1/10/2021
Latino,1116243,55,13708,46.6,38.9,1/11/2021
White,403801,19.9,9307,31.6,36.6,1/11/2021
Asian,130966,6.5,3440,11.7,15.4,1/11/2021
Black,81036,4,1968,6.7,6,1/11/2021
Multi-Race,26008,1.3,332,1.1,2.2,1/11/2021
Other,253413,12.5,406,1.4,0,1/11/2021
Latino,1133397,55,14078,46.6,38.9,1/12/2021
White,409082,19.9,9569,31.7,36.6,1/12/2021
Asian,133241,6.5,3535,11.7,15.4,1/12/2021
Black,82125,4,2016,6.7,6,1/12/2021
Multi-Race,26303,1.3,340,1.1,2.2,1/12/2021
Other,256656,12.5,400,1.3,0,1/12/2021
Latino,1148799,55,14292,46.5,38.9,1/13/2021
White,414819,19.9,9736,31.7,36.6,1/13/2021
Asian,135579,6.5,3605,11.7,15.4,1/13/2021
Black,83262,4,2050,6.7,6,1/13/2021
Multi-Race,26502,1.3,344,1.1,2.2,1/13/2021
Other,261173,12.5,416,1.4,0,1/13/2021
Latino,1169350,55,14443,46.4,38.9,1/14/2021
White,421508,19.8,9891,31.8,36.6,1/14/2021
Asian,138242,6.5,3643,11.7,15.4,1/14/2021
Black,84645,4,2075,6.7,6,1/14/2021
Multi-Race,26730,1.3,355,1.1,2.2,1/14/2021
Other,266095,12.5,441,1.4,0,1/14/2021
Latino,1187089,54.9,14649,46.2,38.9,1/15/2021
White,429258,19.9,10091,31.9,36.6,1/15/2021
Asian,141013,6.5,3718,11.7,15.4,1/15/2021
Black,86085,4,2110,6.7,6,1/15/2021
Multi-Race,27746,1.3,361,1.1,2.2,1/15/2021
Other,272115,12.6,473,1.5,0,1/15/2021
Latino,1206977,54.9,14886,46.2,38.9,1/16/2021
White,436083,19.8,10256,31.8,36.6,1/16/2021
Asian,143690,6.5,3790,11.8,15.4,1/16/2021
Black,87689,4,2147,6.7,6,1/16/2021
Multi-Race,28242,1.3,364,1.1,2.2,1/16/2021
Other,276887,12.6,497,1.5,0,1/16/2021
Latino,1222272,54.9,15018,46.2,38.9,1/17/2021
White,441059,19.8,10362,31.9,36.6,1/17/2021
Asian,145554,6.5,3816,11.7,15.4,1/17/2021
Black,88845,4,2160,6.6,6,1/17/2021
Multi-Race,28699,1.3,372,1.1,2.2,1/17/2021
Other,279974,12.6,516,1.6,0,1/17/2021
Latino,1234755,54.9,15119,46.2,38.9,1/18/2021
White,445062,19.8,10428,31.8,36.6,1/18/2021
Asian,147086,6.5,3827,11.7,15.4,1/18/2021
Black,89707,4,2173,6.6,6,1/18/2021
Multi-Race,29084,1.3,376,1.1,2.2,1/18/2021
Other,282235,12.6,537,1.6,0,1/18/2021
Latino,1245900,55,15240,46.1,38.9,1/19/2021
White,448577,19.8,10530,31.9,36.6,1/19/2021
Asian,148487,6.5,3866,11.7,15.4,1/19/2021
Black,90545,4,2195,6.6,6,1/19/2021
Multi-Race,29394,1.3,382,1.2,2.2,1/19/2021
Other,284190,12.5,548,1.7,0,1/19/2021
Latino,1255339,54.9,15554,46.1,38.9,1/20/2021
White,452456,19.8,10741,31.9,36.6,1/20/2021
Asian,149951,6.6,3932,11.7,15.4,1/20/2021
Black,91295,4,2229,6.6,6,1/20/2021
Multi-Race,29677,1.3,389,1.2,2.2,1/20/2021
Other,285682,12.5,571,1.7,0,1/20/2021
Latino,1267145,55,15829,46,38.9,1/21/2021
White,456733,19.8,10976,31.9,36.6,1/21/2021
Asian,151576,6.6,4005,11.6,15.4,1/21/2021
Black,92173,4,2272,6.6,6,1/21/2021
Multi-Race,30196,1.3,392,1.1,2.2,1/21/2021
Other,287374,12.5,598,1.7,0,1/21/2021
Latino,1277389,55,16046,46,38.9,1/22/2021
White,460463,19.8,11145,32,36.6,1/22/2021
Asian,152907,6.6,4054,11.6,15.4,1/22/2021
Black,92937,4,2296,6.6,6,1/22/2021
Multi-Race,30274,1.3,402,1.2,2.2,1/22/2021
Other,289088,12.4,616,1.8,0,1/22/2021
Latino,1289848,55,16348,46.1,38.9,1/23/2021
White,464301,19.8,11330,31.9,36.6,1/23/2021
Asian,154423,6.6,4126,11.6,15.4,1/23/2021
Black,93817,4,2333,6.6,6,1/23/2021
Multi-Race,30660,1.3,410,1.2,2.2,1/23/2021
Other,290878,12.4,637,1.8,0,1/23/2021
Latino,1301553,55,16433,46,38.9,1/24/2021
White,469037,19.8,11404,31.9,36.6,1/24/2021
Asian,156230,6.6,4155,11.6,15.4,1/24/2021
Black,94769,4,2345,6.6,6,1/24/2021
Multi-Race,31157,1.3,415,1.2,2.2,1/24/2021
Other,293837,12.4,650,1.8,0,1/24/2021
Latino,1309764,55,16518,46,38.9,1/25/2021
White,471996,19.8,11460,31.9,36.6,1/25/2021
Asian,157362,6.6,4185,11.7,15.4,1/25/2021
Black,95491,4,2349,6.5,6,1/25/2021
Multi-Race,31407,1.3,419,1.2,2.2,1/25/2021
Other,295225,12.4,666,1.9,0,1/25/2021
Latino,1317261,55,16822,46,38.9,1/26/2021
White,475186,19.8,11664,31.9,36.6,1/26/2021
Asian,158576,6.6,4256,11.6,15.4,1/26/2021
Black,96053,4,2391,6.5,6,1/26/2021
Multi-Race,31788,1.3,422,1.2,2.2,1/26/2021
Other,296416,12.4,691,1.9,0,1/26/2021
Latino,1326727,55,17147,46,38.9,1/27/2021
White,478329,19.8,11879,31.9,36.6,1/27/2021
Asian,159865,6.6,4341,11.6,15.4,1/27/2021
Black,96722,4,2423,6.5,6,1/27/2021
Multi-Race,32224,1.3,428,1.1,2.2,1/27/2021
Other,297086,12.3,725,1.9,0,1/27/2021
Latino,1336890,55,17404,46,38.9,1/28/2021
White,482025,19.8,12045,31.8,36.6,1/28/2021
Asian,161539,6.6,4399,11.6,15.4,1/28/2021
Black,97463,4,2452,6.5,6,1/28/2021
Multi-Race,32718,1.3,436,1.2,2.2,1/28/2021
Other,298179,12.3,761,2,0,1/28/2021
Latino,1347343,55,17681,46,38.9,1/29/2021
White,485750,19.8,12267,31.9,36.6,1/29/2021
Asian,163086,6.7,4462,11.6,15.4,1/29/2021
Black,98263,4,2488,6.5,6,1/29/2021
Multi-Race,33506,1.4,451,1.2,2.2,1/29/2021
Other,298712,12.2,776,2,0,1/29/2021
Latino,1355776,55,17965,46,38.9,1/30/2021
White,489390,19.9,12423,31.8,36.6,1/30/2021
Asian,164484,6.7,4532,11.6,15.4,1/30/2021
Black,98959,4,2516,6.4,6,1/30/2021
Multi-Race,34056,1.4,458,1.2,2.2,1/30/2021
Other,300252,12.2,787,2,0,1/30/2021
Latino,1364160,55,18123,46,38.9,1/31/2021
White,492364,19.9,12511,31.8,36.6,1/31/2021
Asian,165646,6.7,4574,11.6,15.4,1/31/2021
Black,99580,4,2532,6.4,6,1/31/2021
Multi-Race,34444,1.4,473,1.2,2.2,1/31/2021
Other,301198,12.1,799,2,0,1/31/2021
Latino,1370089,55,18220,46,38.9,2/1/2021
White,494536,19.9,12573,31.8,36.6,2/1/2021
Asian,166565,6.7,4595,11.6,15.4,2/1/2021
Black,100076,4,2539,6.4,6,2/1/2021
Multi-Race,34628,1.4,479,1.2,2.2,2/1/2021
Other,301981,12.1,804,2,0,2/1/2021
Latino,1375197,55,18502,46.1,38.9,2/2/2021
White,496550,19.9,12761,31.8,36.6,2/2/2021
Asian,167317,6.7,4643,11.6,15.4,2/2/2021
Black,100486,4,2571,6.4,6,2/2/2021
Multi-Race,34844,1.4,491,1.2,2.2,2/2/2021
Other,302270,12.1,805,2,0,2/2/2021
Latino,1382352,55,18756,46,38.9,2/3/2021
White,499316,19.9,12968,31.8,36.6,2/3/2021
Asian,168276,6.7,4703,11.5,15.4,2/3/2021
Black,101004,4,2601,6.4,6,2/3/2021
Multi-Race,35225,1.4,496,1.2,2.2,2/3/2021
Other,302891,12.1,827,2,0,2/3/2021
Latino,1389409,55,19117,46.1,38.9,2/4/2021
White,502234,19.9,13190,31.8,36.6,2/4/2021
Asian,169451,6.7,4785,11.5,15.4,2/4/2021
Black,101616,4,2632,6.3,6,2/4/2021
Multi-Race,35685,1.4,508,1.2,2.2,2/4/2021
Other,303775,12,855,2.1,0,2/4/2021
Latino,1395863,55,19407,46.1,38.9,2/5/2021
White,504843,19.9,13361,31.8,36.6,2/5/2021
Asian,170401,6.7,4850,11.5,15.4,2/5/2021
Black,102113,4,2662,6.3,6,2/5/2021
Multi-Race,36067,1.4,521,1.2,2.2,2/5/2021
Other,304040,12,863,2.1,0,2/5/2021
Latino,1402958,55,19624,46.2,38.9,2/6/2021
White,507681,19.9,13485,31.7,36.6,2/6/2021
Asian,171443,6.7,4894,11.5,15.4,2/6/2021
Black,102703,4,2677,6.3,6,2/6/2021
Multi-Race,36372,1.4,527,1.2,2.2,2/6/2021
Other,305167,12,878,2.1,0,2/6/2021
Latino,1407969,55,19756,46.2,38.9,2/7/2021
White,509892,19.9,13578,31.7,36.6,2/7/2021
Asian,172315,6.7,4923,11.5,15.4,2/7/2021
Black,103111,4,2699,6.3,6,2/7/2021
Multi-Race,36630,1.4,532,1.2,2.2,2/7/2021
Other,305970,12,884,2.1,0,2/7/2021
Latino,1411997,55,19846,46.2,38.9,2/8/2021
White,511462,19.9,13628,31.7,36.6,2/8/2021
Asian,172934,6.7,4938,11.5,15.4,2/8/2021
Black,103481,4,2713,6.3,6,2/8/2021
Multi-Race,36799,1.4,534,1.2,2.2,2/8/2021
Other,306386,11.9,883,2.1,0,2/8/2021
Latino,1415893,55,20125,46.3,38.9,2/9/2021
White,513077,19.9,13744,31.6,36.6,2/9/2021
Asian,173673,6.7,5009,11.5,15.4,2/9/2021
Black,103870,4,2749,6.3,6,2/9/2021
Multi-Race,36970,1.4,535,1.2,2.2,2/9/2021
Other,306671,11.9,887,2,0,2/9/2021
Latino,1421616,55.1,20364,46.3,38.9,2/10/2021
White,515005,19.9,13918,31.6,36.6,2/10/2021
Asian,174482,6.8,5054,11.5,15.4,2/10/2021
Black,104332,4,2783,6.3,6,2/10/2021
Multi-Race,37350,1.4,546,1.2,2.2,2/10/2021
Other,306608,11.9,918,2.1,0,2/10/2021
Latino,1427192,55.1,20596,46.3,38.9,2/11/2021
White,517166,20,14068,31.6,36.6,2/11/2021
Asian,175198,6.8,5110,11.5,15.4,2/11/2021
Black,104756,4,2810,6.3,6,2/11/2021
Multi-Race,37667,1.5,549,1.2,2.2,2/11/2021
Other,306842,11.8,962,2.2,0,2/11/2021
Latino,1432099,55.1,20782,46.2,38.9,2/12/2021
White,519168,20,14216,31.6,36.6,2/12/2021
Asian,175922,6.8,5175,11.5,15.4,2/12/2021
Black,105179,4,2828,6.3,6,2/12/2021
Multi-Race,37976,1.5,558,1.2,2.2,2/12/2021
Other,307134,11.8,973,2.2,0,2/12/2021
Latino,1437235,55.1,20989,46.2,38.9,2/13/2021
White,521073,20,14348,31.6,36.6,2/13/2021
Asian,176589,6.8,5241,11.5,15.4,2/13/2021
Black,105625,4,2857,6.3,6,2/13/2021
Multi-Race,38297,1.5,560,1.2,2.2,2/13/2021
Other,307185,11.8,997,2.2,0,2/13/2021
Latino,1441312,55.1,21098,46.2,38.9,2/14/2021
White,522663,20,14425,31.6,36.6,2/14/2021
Asian,177100,6.8,5271,11.5,15.4,2/14/2021
Black,105960,4.1,2863,6.3,6,2/14/2021
Multi-Race,38562,1.5,569,1.2,2.2,2/14/2021
Other,307163,11.7,1007,2.2,0,2/14/2021
Latino,1444316,55.1,21139,46.2,38.9,2/15/2021
White,523927,20,14453,31.6,36.6,2/15/2021
Asian,177576,6.8,5279,11.5,15.4,2/15/2021
Black,106201,4.1,2865,6.3,6,2/15/2021
Multi-Race,38680,1.5,570,1.2,2.2,2/15/2021
Other,307410,11.7,1007,2.2,0,2/15/2021
Latino,1446427,55.1,21267,46.2,38.9,2/16/2021
White,524753,20,14542,31.6,36.6,2/16/2021
Asian,177919,6.8,5309,11.5,15.4,2/16/2021
Black,106400,4.1,2876,6.2,6,2/16/2021
Multi-Race,38784,1.5,575,1.2,2.2,2/16/2021
Other,307324,11.7,1015,2.2,0,2/16/2021
Latino,1449831,55.1,21466,46.2,38.9,2/17/2021
White,526046,20,14689,31.6,36.6,2/17/2021
Asian,178375,6.8,5371,11.6,15.4,2/17/2021
Black,106708,4.1,2891,6.2,6,2/17/2021
Multi-Race,39026,1.5,578,1.2,2.2,2/17/2021
Other,307116,11.7,1028,2.2,0,2/17/2021
Latino,1454195,55.1,21677,46.2,38.9,2/18/2021
White,527690,20,14819,31.6,36.6,2/18/2021
Asian,179040,6.8,5413,11.5,15.4,2/18/2021
Black,107081,4.1,2918,6.2,6,2/18/2021
Multi-Race,39322,1.5,580,1.2,2.2,2/18/2021
Other,306950,11.6,1036,2.2,0,2/18/2021
Latino,1458771,55.1,21866,46.2,38.9,2/19/2021
White,529334,20,14958,31.6,36.6,2/19/2021
Asian,179671,6.8,5464,11.5,15.4,2/19/2021
Black,107436,4.1,2946,6.2,6,2/19/2021
Multi-Race,39616,1.5,586,1.2,2.2,2/19/2021
Other,306751,11.6,1055,2.2,0,2/19/2021
Latino,1462751,55.2,22030,46.2,38.9,2/20/2021
White,530958,20,15083,31.6,36.6,2/20/2021
Asian,180258,6.8,5504,11.5,15.4,2/20/2021
Black,107741,4.1,2972,6.2,6,2/20/2021
Multi-Race,39910,1.5,599,1.3,2.2,2/20/2021
Other,306877,11.6,1062,2.2,0,2/20/2021
Latino,1466824,55.2,22114,46.1,38.9,2/21/2021
White,532295,20,15170,31.7,36.6,2/21/2021
Asian,180788,6.8,5536,11.6,15.4,2/21/2021
Black,108013,4.1,2982,6.2,6,2/21/2021
Multi-Race,40154,1.5,603,1.3,2.2,2/21/2021
Other,306878,11.5,1069,2.2,0,2/21/2021
Latino,1469005,55.2,22141,46.1,38.9,2/22/2021
White,533145,20,15205,31.7,36.6,2/22/2021
Asian,181145,6.8,5548,11.6,15.4,2/22/2021
Black,108204,4.1,2984,6.2,6,2/22/2021
Multi-Race,40300,1.5,610,1.3,2.2,2/22/2021
Other,306830,11.5,1072,2.2,0,2/22/2021
Latino,1472040,55.2,22371,46.3,38.9,2/23/2021
White,534330,20,15249,31.5,36.6,2/23/2021
Asian,181664,6.8,5590,11.6,15.4,2/23/2021
Black,108479,4.1,3004,6.2,6,2/23/2021
Multi-Race,40426,1.5,612,1.3,2.2,2/23/2021
Other,307021,11.5,1064,2.2,0,2/23/2021
Latino,1476643,55.2,22893,46.2,38.9,2/24/2021
White,535706,20,15648,31.6,36.6,2/24/2021
Asian,182235,6.8,5752,11.6,15.4,2/24/2021
Black,108739,4.1,3089,6.2,6,2/24/2021
Multi-Race,40752,1.5,626,1.3,2.2,2/24/2021
Other,306466,11.5,1084,2.2,0,2/24/2021
Latino,1479012,55.2,23046,46.1,38.9,2/25/2021
White,537448,20.1,15836,31.7,36.6,2/25/2021
Asian,182779,6.8,5792,11.6,15.4,2/25/2021
Black,109065,4.1,3119,6.2,6,2/25/2021
Multi-Race,41093,1.5,644,1.3,2.2,2/25/2021
Other,306803,11.4,1117,2.2,0,2/25/2021
Latino,1484054,55.2,23307,46.2,38.9,2/26/2021
White,538323,20,15908,31.5,36.6,2/26/2021
Asian,183305,6.8,5848,11.6,15.4,2/26/2021
Black,109352,4.1,3142,6.2,6,2/26/2021
Multi-Race,41164,1.5,647,1.3,2.2,2/26/2021
Other,306058,11.4,1096,2.2,0,2/26/2021
Latino,1487225,55.3,23435,46.2,38.9,2/27/2021
White,539466,20,16017,31.6,36.6,2/27/2021
Asian,183711,6.8,5875,11.6,15.4,2/27/2021
Black,109591,4.1,3161,6.2,6,2/27/2021
Multi-Race,41370,1.5,647,1.3,2.2,2/27/2021
Other,305942,11.4,1103,2.2,0,2/27/2021
Latino,1490539,55.3,23571,46.3,38.9,2/28/2021
White,540449,20,16075,31.5,36.6,2/28/2021
Asian,184102,6.8,5903,11.6,15.4,2/28/2021
Black,109810,4.1,3179,6.2,6,2/28/2021
Multi-Race,41631,1.5,651,1.3,2.2,2/28/2021
Other,305675,11.3,1102,2.2,0,2/28/2021
Latino,1492186,55.3,23608,46.2,38.9,3/1/2021
White,541113,20,16111,31.6,36.6,3/1/2021
Asian,184371,6.8,5910,11.6,15.4,3/1/2021
Black,109920,4.1,3188,6.2,6,3/1/2021
Multi-Race,41740,1.5,655,1.3,2.2,3/1/2021
Other,305643,11.3,1102,2.2,0,3/1/2021
Latino,1494376,55.3,23768,46.3,38.9,3/2/2021
White,541927,20.1,16205,31.5,36.6,3/2/2021
Asian,184765,6.8,5958,11.6,15.4,3/2/2021
Black,110115,4.1,3209,6.2,6,3/2/2021
Multi-Race,41858,1.5,658,1.3,2.2,3/2/2021
Other,305557,11.3,1092,2.1,0,3/2/2021
Latino,1498006,55.3,23976,46.3,38.9,3/3/2021
White,542988,20.1,16317,31.5,36.6,3/3/2021
Asian,185183,6.8,5997,11.6,15.4,3/3/2021
Black,110397,4.1,3222,6.2,6,3/3/2021
Multi-Race,42134,1.6,673,1.3,2.2,3/3/2021
Other,305072,11.3,1094,2.1,0,3/3/2021
Latino,1501574,55.3,24150,46.3,38.9,3/4/2021
White,544198,20.1,16410,31.5,36.6,3/4/2021
Asian,185631,6.8,6041,11.6,15.4,3/4/2021
Black,110700,4.1,3237,6.2,6,3/4/2021
Multi-Race,42391,1.6,690,1.3,2.2,3/4/2021
Other,304856,11.2,1109,2.1,0,3/4/2021
Latino,1505360,55.4,24282,46.3,38.9,3/5/2021
White,545388,20.1,16505,31.5,36.6,3/5/2021
Asian,186096,6.8,6073,11.6,15.4,3/5/2021
Black,110994,4.1,3262,6.2,6,3/5/2021
Multi-Race,42607,1.6,686,1.3,2.2,3/5/2021
Other,304635,11.2,1105,2.1,0,3/5/2021
Latino,1509103,55.4,24402,46.3,38.9,3/6/2021
White,546630,20.1,16586,31.5,36.6,3/6/2021
Asian,186562,6.8,6105,11.6,15.4,3/6/2021
Black,111279,4.1,3275,6.2,6,3/6/2021
Multi-Race,42824,1.6,693,1.3,2.2,3/6/2021
Other,304477,11.2,1103,2.1,0,3/6/2021
Latino,1511539,55.4,24429,46.3,38.9,3/7/2021
White,547503,20.1,16622,31.5,36.6,3/7/2021
Asian,186929,6.8,6132,11.6,15.4,3/7/2021
Black,111452,4.1,3279,6.2,6,3/7/2021
Multi-Race,43025,1.6,702,1.3,2.2,3/7/2021
Other,304365,11.2,1105,2.1,0,3/7/2021
Latino,1513632,55.4,24441,46.3,38.9,3/8/2021
White,548193,20.1,16645,31.5,36.6,3/8/2021
Asian,187197,6.9,6143,11.6,15.4,3/8/2021
Black,111621,4.1,3278,6.2,6,3/8/2021
Multi-Race,43158,1.6,702,1.3,2.2,3/8/2021
Other,304294,11.1,1107,2.1,0,3/8/2021
Latino,1517144,55.4,24687,46.3,38.9,3/9/2021
White,550247,20.1,16739,31.4,36.6,3/9/2021
Asian,187815,6.9,6209,11.7,15.4,3/9/2021
Black,111916,4.1,3309,6.2,6,3/9/2021
Multi-Race,43357,1.6,707,1.3,2.2,3/9/2021
Other,304266,11.1,1118,2.1,0,3/9/2021
Latino,1519953,55.4,24810,46.3,38.9,3/10/2021
White,550982,20.1,16834,31.4,36.6,3/10/2021
Asian,188068,6.9,6246,11.7,15.4,3/10/2021
Black,112115,4.1,3329,6.2,6,3/10/2021
Multi-Race,43554,1.6,712,1.3,2.2,3/10/2021
Other,304006,11.1,1122,2.1,0,3/10/2021
Latino,1523141,55.4,24975,46.4,38.9,3/11/2021
White,552040,20.1,16906,31.4,36.6,3/11/2021
Asian,188440,6.9,6279,11.7,15.4,3/11/2021
Black,112357,4.1,3349,6.2,6,3/11/2021
Multi-Race,43752,1.6,718,1.3,2.2,3/11/2021
Other,303622,11,1118,2.1,0,3/11/2021
